Mã_KH,Khách hàng,Loại Khách hàng,Recency,Frequency,Monetary,R_score,F_score,M_score,RFM_Score,Segment
KH-0001,CÔNG TY TNHH ĐẦU TƯ PHÁT TRIỂN CÔNG NGHỆ BÁCH KHOA,CTY - DN,32,14,4918980000.0,2,4,5,245,At Risk
KH-0002,Công ty CP Phát triển Kỹ thuật và Thương mại Tân Đức,CTY - DN,54,10,286125000.0,1,2,1,121,Lost Customers
KH-0003,NGƯỜI MUA KHÔNG LẤY HÓA ĐƠN,Khách lẻ,11,6,35070000.0,4,1,1,411,New Customers
KH-0004,CÔNG TY TNHH PRO ACTIVE GLOBAL VIỆT NAM,CTY - DN,62,13,3520800000.0,1,3,5,135,At Risk
KH-0005,Công ty TNHH Công nghệ Ktech,CTY - DN,7,20,1635870000.0,5,5,4,554,Champions
KH-0006,NGÂN HÀNG TMCP Á CHÂU,CTY - DN,16,12,538800000.0,4,3,2,432,Potential Loyalist
KH-0007,Công ty TNHH Tích Hợp Hệ thống CMC Sài Gòn,CTY - DN,37,11,578310000.0,2,2,2,222,Hibernating
KH-0008,CN Cty TNHH Máy Tính Nét (TP. Hà Nội),CTY - DN,19,16,2565480000.0,3,5,5,355,Loyal
KH-0009,CỬA HÀNG VI TÍNH PHÁT ĐẠT BÌNH DƯƠNG,CTY - DN,14,12,2885955000.0,4,3,5,435,Loyal
KH-0010,CN CTY TNHH KDDI VN TẠI TP. HCM,CTY - DN,35,11,2117235000.0,2,2,5,225,At Risk
KH-0011,DNTN VŨ CÁNH,CTY - DN,1,20,2494185000.0,5,5,5,555,Champions
KH-0012,CÔNG TY TNHH NAVIC VÀ KUNSHIN VIỆT NAM,CTY - DN,35,12,3513360000.0,2,3,5,235,At Risk
KH-0013,CÔNG TY CỔ PHẦN THƯƠNG MẠI VÀ DỊCH VỤ PHÁT TRIỂN CÔNG NGHỆ SÀI GÒN,CTY - DN,8,12,545595000.0,4,3,2,432,Potential Loyalist
KH-0014,CTY TNHH SOFTWAREONE VIỆT NAM,CTY - DN,5,9,544860000.0,5,1,2,512,New Customers
KH-0015,CÔNG TY TNHH THƯƠNG MẠI VÀ XUẤT NHẬP KHẨU AN NAM,CTY - DN,45,12,693150000.0,2,3,2,232,Hibernating
KH-0016,Văn phòng thường trú Taisei Corporation tại Tp HCM,CTY - DN,6,12,627930000.0,5,3,2,532,Potential Loyalist
KH-0017,CÔNG TY TNHH QUẢNG CÁO VÀ TRUYỀN THÔNG THẾ HỆ MỚI,CTY - DN,18,9,715545000.0,3,1,2,312,About To Sleep
KH-0018,CÔNG TY TNHH TM DV CÔNG NGHỆ MỘT THÀNH VIÊN PHÚ AN,CTY - DN,32,12,1776000000.0,2,3,4,234,At Risk
KH-0019,CÔNG TY TNHH DUY NGUYỄN MPS,CTY - DN,3,12,964710000.0,5,3,3,533,Potential Loyalist
KH-0020,CTY TNHH TRÚC XUÂN,CTY - DN,40,15,274530000.0,2,4,1,241,About To Sleep
KH-0021,CÔNG TY CỔ PHẦN GĂNG VIỆT,CTY - DN,84,13,2190330000.0,1,3,5,135,At Risk
KH-0022,Khách lẻ,Khách lẻ,3,15,2157825000.0,5,4,5,545,Champions
KH-0023,CÔNG TY CỔ PHẦN BỆNH VIỆN MẮT QUỐC TẾ HOÀN MỸ SÀI GÒN,CTY - DN,4,12,520890000.0,5,3,2,532,Potential Loyalist
KH-0024,Công Ty TNHH Phần Mềm Kỷ Nguyên Số,CTY - DN,14,9,668850000.0,4,1,2,412,New Customers
KH-0025,CÔNG TY TNHH SOLID & SOFT,CTY - DN,60,14,1461045000.0,1,4,4,144,Cannot Lose Them
KH-0026,CÔNG TY TNHH DGS LOGISTICS,CTY - DN,146,8,409695000.0,1,1,1,111,Lost Customers
KH-0027,CÔNG TY TNHH GIAO NHẬN KỶ OAI RỒNG CHI NA,CTY - DN,50,11,1227375000.0,1,2,4,124,At Risk
KH-0028,CÔNG TY TNHH ALTUS GROUP (VIỆT NAM),CTY - DN,3,13,7573185000.0,5,3,5,535,Need Attention
KH-0029,CÔNG TY TNHH SHOWA BRAIN NAVI VIỆT NAM,CTY - DN,58,13,2159775000.0,1,3,5,135,At Risk
KH-0030,Công ty TNHH TM DV Thiết bị số Huy Phát,CTY - DN,49,13,2764815000.0,2,3,5,235,At Risk
KH-0031,Công ty TNHH Winning Access Property Việt Nam,CTY - DN,10,11,679020000.0,4,2,2,422,New Customers
KH-0032,CÔNG TY TNHH MAINETTI (VIỆT NAM),CTY - DN,2,15,2137515000.0,5,4,5,545,Champions
KH-0033,CÔNG TY TNHH CƠ KHÍ MINH ĐỨC,CTY - DN,46,18,988140000.0,2,5,3,253,At Risk
KH-0034,CÔNG TY TNHH CBRE (VIỆT NAM),CTY - DN,10,4,64275000.0,4,1,1,411,New Customers
KH-0035,CÔNG TY TNHH THƯƠNG MẠI TỔNG HỢP LONG SƠN,CTY - DN,139,9,609210000.0,1,1,2,112,Lost Customers
KH-0036,CÔNG TY TNHH TIN HỌC VIỄN THÔNG VINAFORE,CTY - DN,15,17,606465000.0,4,5,2,452,Potential Loyalist
KH-0037,CHI NHÁNH CÔNG TY TNHH MỘT THÀNH VIÊN THIẾT BỊ TIN HỌC AN PHÚ,CTY - DN,13,9,224130000.0,4,1,1,411,New Customers
KH-0038,CÔNG TY TNHH EPSON VIỆT NAM,CTY - DN,6,14,2803425000.0,5,4,5,545,Champions
KH-0039,NGÂN HÀNG THƯƠNG MẠI CỔ PHẦN BẢN VIỆT,CTY - DN,5,17,717945000.0,5,5,2,552,Potential Loyalist
KH-0040,CÔNG TY TNHH KỸ THUẬT VÀ CÔNG NGHỆ MINH ANH,CTY - DN,3,10,427245000.0,5,2,1,521,Promising
KH-0041,Công ty Luật TNHH GRUENKORN & PARTNER,CTY - DN,14,17,2303535000.0,4,5,5,455,Champions
KH-0042,CÔNG TY LUẬT TNHH QUỐC TẾ VIỆT NAM (VILAF – HỒNG ĐỨC),CTY - DN,15,9,7002285000.0,4,1,5,415,Promising
KH-0043,CÔNG TY  TNHH  TM DV  TRANG THIẾT BỊ Y TẾ TPT MIỀN NAM,CTY - DN,16,9,1235715000.0,4,1,4,414,Promising
KH-0044,CÔNG TY TRÁCH NHIỆM HỮU HẠN ORGANO VIỆT NAM,CTY - DN,77,9,165765000.0,1,1,1,111,Lost Customers
KH-0045,CÔNG TY TRÁCH NHIỆM HỮU HẠN  NTT DATA VIỆT NAM,CTY - DN,132,11,408090000.0,1,2,1,121,Lost Customers
KH-0046,CÔNG TY CỔ PHẦN XÂY DỰNG THƯƠNG MẠI VÀ DỊCH VỤ ACT,CTY - DN,44,20,748575000.0,2,5,2,252,At Risk
KH-0047,CÔNG TY TNHH THƯƠNG MẠI DỊCH VỤ TIN HỌC VIỄN THÔNG THỊNH PHÁT,CTY - DN,3,11,1119750000.0,5,2,3,523,Promising
KH-0048,CÔNG TY TNHH TƯ VẤN THIẾT KẾ TUỆ QUANG PT,CTY - DN,130,8,1572375000.0,1,1,4,114,Cannot Lose Them
KH-0049,CÔNG TY TNHH WINS SOFT,CTY - DN,21,11,1125060000.0,3,2,3,323,Potential Loyalist
KH-0050,CÔNG TY TNHH AMOREPACIFIC VIỆT NAM,CTY - DN,88,12,903780000.0,1,3,3,133,At Risk
KH-0051,CÔNG TY TNHH GIẢI PHÁP TÍCH HỢP HỆ THỐNG H.N.T.C,CTY - DN,25,8,336825000.0,3,1,1,311,New Customers
KH-0052,CÔNG TY CỔ PHẦN SAO VIỆT,CTY - DN,19,18,1200315000.0,3,5,3,353,Potential Loyalist
KH-0053,CÔNG TY TNHH SẢN XUẤT THƯƠNG MẠI DỊCH VỤ IN CHUYỂN KTK,CTY - DN,8,6,483060000.0,4,1,2,412,New Customers
KH-0054,Công Ty TNHH Thương Mại Dịch Vụ ICT Sài Gòn,CTY - DN,18,14,583290000.0,3,4,2,342,Potential Loyalist
KH-0055,Công ty TNHH MTV Bluzen Vina,CTY - DN,24,5,477435000.0,3,1,1,311,New Customers
KH-0056,Chi nhánh tại TP.HCM Công ty TNHH Hệ thống Thông tin Ngân hàng Tài chính FPT (TP.HN),CTY - DN,35,13,254085000.0,2,3,1,231,About To Sleep
KH-0057,CÔNG TY TRÁCH NHIỆM HỮU HẠN FM SUPPLY CHAIN VIỆT NAM,CTY - DN,18,10,484830000.0,3,2,2,322,Hibernating
KH-0058,CÔNG TY TNHH MONACO HEALTHCARE,CTY - DN,44,9,573420000.0,2,1,2,212,Hibernating
KH-0059,Công ty TNHH PMAS,CTY - DN,3,16,1827225000.0,5,5,4,554,Champions
KH-0060,Công ty TNHH MTV Thương mại và Dịch vụ ELITE,CTY - DN,34,5,146505000.0,2,1,1,211,Hibernating
KH-0061,CÔNG TY TNHH THƯƠNG MẠI DỊCH VỤ VI TÍNH SAO MAI,CTY - DN,19,12,431850000.0,3,3,1,331,About To Sleep
KH-0062,Công Ty TNHH GreyStones Data Systems Việt Nam,CTY - DN,34,10,940740000.0,2,2,3,223,Hibernating
KH-0063,Công ty TNHH MTV CK KT Trí Trung,CTY - DN,23,11,1821810000.0,3,2,4,324,Need Attention
KH-0064,LIÊN DANH NK-JIC-PBJ-JTC-TEC-TEDI SOUTH - TRICC,CTY - DN,89,9,177030000.0,1,1,1,111,Lost Customers
KH-0065,CÔNG TY TNHH BONFIGLIOLI VIỆT NAM,CTY - DN,10,8,288300000.0,4,1,1,411,New Customers
KH-0066,CÔNG TY TNHH CÔNG NGHỆ G7,CTY - DN,116,11,438480000.0,1,2,1,121,Lost Customers
KH-0067,Công ty TNHH KAHOKU LIGHTING SOLUTIONS Việt Nam,CTY - DN,7,11,1853355000.0,5,2,4,524,Promising
KH-0068,CÔNG TY TNHH GROOVE TECHNOLOGY VIETNAM,CTY - DN,56,12,432495000.0,1,3,1,131,Lost Customers
KH-0069,CÔNG TY CỔ PHẦN THƯƠNG MẠI NAM THIÊN Á,CTY - DN,8,16,3085665000.0,4,5,5,455,Champions
KH-0070,CÔNG TY TNHH THƯƠNG MẠI NGỌC THIÊN BẢO,CTY - DN,32,13,1524825000.0,2,3,4,234,At Risk
KH-0071,CÔNG TY TNHH SANCOH VIỆT NAM,CTY - DN,8,13,808110000.0,4,3,3,433,Potential Loyalist
KH-0072,Chi nhánh tại TP.Hồ Chí Minh Công ty TNHH Hệ thống thông tin FPT (TP. Hà Nội),CTY - DN,71,11,575175000.0,1,2,2,122,Hibernating
KH-0073,Công ty cổ phần Công nghệ trực tuyến Tầm Nhìn Việt,CTY - DN,10,8,172965000.0,4,1,1,411,New Customers
KH-0074,Công ty TNHH Khu dân cư LeadGroup,CTY - DN,12,16,2895975000.0,4,5,5,455,Champions
KH-0075,Công ty TNHH METKRAFT,CTY - DN,15,8,454770000.0,4,1,1,411,New Customers
KH-0076,CÔNG TY TNHH MITRA ADIPERKASA VIỆT NAM,CTY - DN,3,20,1525080000.0,5,5,4,554,Champions
KH-0077,CÔNG TY TNHH DÂY CÁP ĐIỆN TAI SIN (VN),CTY - DN,27,15,2498235000.0,3,4,5,345,Loyal
KH-0078,Công ty TNHH Dịch vụ Thắng Lợi,CTY - DN,48,11,865230000.0,2,2,3,223,Hibernating
KH-0079,CÔNG TY TNHH AYTEC VIỆT NAM,CTY - DN,4,14,241395000.0,5,4,1,541,Potential Loyalist
KH-0080,CÔNG TY TNHH THƯƠNG MẠI DỊCH VỤ NOZV VIỆT NAM,CTY - DN,85,13,1210230000.0,1,3,4,134,At Risk
KH-0081,CÔNG TY TNHH  SYSONE,CTY - DN,38,14,1792980000.0,2,4,4,244,At Risk
KH-0082,CÔNG TY CỔ PHẦN GIẢI PHÁP CÔNG NGHỆ NÉT SỐ,CTY - DN,32,14,1449075000.0,2,4,4,244,At Risk
KH-0083,Công ty TNHH YKK Việt Nam,CTY - DN,107,6,234750000.0,1,1,1,111,Lost Customers
KH-0084,CÔNG TY TNHH TỔ HỢP NHẤT VIỆT,CTY - DN,17,17,1221330000.0,3,5,4,354,Loyal
KH-0085,CÔNG TY TNHH MỘT THÀNH VIÊN SẢN XUẤT THỨC ĂN CHĂN NUÔI BÌNH MINH,CTY - DN,10,10,3651945000.0,4,2,5,425,Promising
KH-0086,CÔNG TY TNHH XÂY DỰNG VÀ KINH DOANH NHÀ ĐIỀN PHÚC THÀNH,CTY - DN,35,9,1286925000.0,2,1,4,214,Cannot Lose Them
KH-0087,CÔNG TY TNHH THIẾT BỊ ĐO LƯỜNG VÀ ĐIỀU KHIỂN ĐẠI VIỆT,CTY - DN,58,15,4520520000.0,1,4,5,145,At Risk
KH-0088,Công ty TNHH Công Nghệ Thông Tin Chân Trời Sáng,CTY - DN,1,14,1872480000.0,5,4,4,544,Champions
KH-0089,Công ty TNHH MTV K-Tech,CTY - DN,1,17,1715835000.0,5,5,4,554,Champions
KH-0090,CÔNG TY TNHH YOUYOUWINGS,CTY - DN,3,17,883125000.0,5,5,3,553,Potential Loyalist
KH-0091,CÔNG TY CP CÔNG NGHỆ TIÊN PHONG,CTY - DN,6,10,678300000.0,5,2,2,522,Promising
KH-0092,Công ty TNHH thương mại và dịch vụ Song Linh,CTY - DN,128,4,134430000.0,1,1,1,111,Lost Customers
KH-0093,CTY TNHH CÔNG NGHỆ VÀ PHẦN MỀM NAM Á,CTY - DN,162,3,77805000.0,1,1,1,111,Lost Customers
KH-0094,Công ty TNHH Shiseido Việt Nam,CTY - DN,20,7,596355000.0,3,1,2,312,About To Sleep
KH-0095,CÔNG TY CP HỆ THỐNG CÔNG NGHỆ ÁNH LAM,CTY - DN,1,14,425160000.0,5,4,1,541,Potential Loyalist
KH-0096,CHI NHÁNH CÔNG TY TNHH MTV - TỔNG CÔNG TY PHÁT ĐIỆN 3 - CÔNG TY DỊCH VỤ SỬA CHỮA CÁC NHÀ MÁY ĐIỆN,CTY - DN,37,11,903180000.0,2,2,3,223,Hibernating
KH-0097,Công ty TNHH Đặc Rạng Việt Nam.,CTY - DN,23,13,2998215000.0,3,3,5,335,Loyal
KH-0098,Công ty TNHH Schenker Việt Nam,CTY - DN,11,15,824865000.0,4,4,3,443,Need Attention
KH-0099,CÔNG TY TNHH YKK AP FACADE VIỆT NAM,CTY - DN,13,12,508875000.0,4,3,2,432,Potential Loyalist
KH-0100,CÔNG TY CỔ PHẦN KIẾN TRÚC VÀ THƯƠNG MẠI NSP VIỆT NAM,CTY - DN,143,12,1696380000.0,1,3,4,134,At Risk
KH-0101,Công Ty TNHH Fairfield Việt Nam,CTY - DN,3,9,832545000.0,5,1,3,513,Promising
KH-0102,CÔNG TY CỔ PHẦN THẾ GIỚI SỐ,CTY - DN,16,18,3867315000.0,4,5,5,455,Champions
KH-0103,Công ty CP Phát triển Điện lực Thăng Long,CTY - DN,38,8,2042370000.0,2,1,5,215,Cannot Lose Them
KH-0104,CÔNG TY TNHH VINA-CPK,CTY - DN,19,13,810045000.0,3,3,3,333,Potential Loyalist
KH-0105,Công Ty TNHH Jang Won Tech Vina,CTY - DN,32,10,683580000.0,2,2,2,222,Hibernating
KH-0106,Công Ty TNHH Thương Mại Dịch Vụ Viết Quang,CTY - DN,1,11,304665000.0,5,2,1,521,Promising
KH-0107,CÔNG TY TNHH TRẦN VIỆT PHÁT,CTY - DN,81,10,903225000.0,1,2,3,123,Hibernating
KH-0108,CÔNG TY CỔ PHẦN TẬP ĐOÀN TRUNG NGUYÊN,CTY - DN,113,10,486180000.0,1,2,2,122,Hibernating
KH-0109,CÔNG TY TNHH MỘT THÀNH VIÊN HIỆP THỊNH,CTY - DN,34,13,1566480000.0,2,3,4,234,At Risk
KH-0110,CÔNG TY CỔ PHẦN CÔNG NGHỆ ĐẠI TRẦN GIA,CTY - DN,10,9,1034205000.0,4,1,3,413,Promising
KH-0111,Công ty Cổ phần Tiến Bộ Quốc Tế,CTY - DN,4,6,1135620000.0,5,1,3,513,Promising
KH-0112,Công ty TNHH Thương mại Kỹ thuật Tin học Anh Ngọc,CTY - DN,28,8,527445000.0,3,1,2,312,About To Sleep
KH-0113,CÔNG TY TNHH TIẾP VẬN KINTETSU VIỆT NAM,CTY - DN,2,17,945930000.0,5,5,3,553,Potential Loyalist
KH-0114,CÔNG TY TNHH MỘT THÀNH VIÊN KHÁCH SẠN SUNWAY HÀ NỘI,CTY - DN,12,8,176130000.0,4,1,1,411,New Customers
KH-0115,Công ty cổ phần Ipos.vn,CTY - DN,7,16,3178755000.0,5,5,5,555,Champions
KH-0116,Văn phòng Đại diện công ty Taisei tại Hà Nội,CTY - DN,2,12,461985000.0,5,3,1,531,Potential Loyalist
KH-0117,Công ty Cổ phần Đàug Tư Công nghệ STI,CTY - DN,106,17,565710000.0,1,5,2,152,At Risk
KH-0118,CÔNG TY CỔ PHẦN PIN HÀ NỘI,CTY - DN,16,13,1205295000.0,4,3,3,433,Potential Loyalist
KH-0119,Công ty TNHH Sinh Nam,CTY - DN,77,15,470010000.0,1,4,1,141,Lost Customers
KH-0120,Công ty TNHH thương mại kỹ thuật Hải Quang,CTY - DN,44,6,352110000.0,2,1,1,211,Hibernating
KH-0121,Công ty TNHH IKO THOMPSON VIỆT NAM,CTY - DN,20,13,1034490000.0,3,3,3,333,Potential Loyalist
KH-0122,Công ty TNHH TotalGaz Việt Nam,CTY - DN,66,12,1538760000.0,1,3,4,134,At Risk
KH-0123,CÔNG TY TNHH GIẢI PHÁP CÔNG NGHỆ HOÀN HẢO,CTY - DN,29,12,472710000.0,2,3,1,231,About To Sleep
KH-0124,Công Ty Cổ Phần Điện Ii,CTY - DN,9,7,1653240000.0,4,1,4,414,Promising
KH-0125,Công Ty Cổ Phần Thương Mại Và Phát Triển Kỹ Thuật Cao Vihoth,CTY - DN,53,11,1827465000.0,1,2,4,124,At Risk
KH-0126,Công ty TNHH Dịch Vụ Tin Học Rồng Việt,CTY - DN,28,18,1541355000.0,3,5,4,354,Loyal
KH-0127,Công ty cổ phần phân phối và bán lẻ BT,CTY - DN,39,9,1582455000.0,2,1,4,214,Cannot Lose Them
KH-0128,Công ty Công nghệ thông tin Điện lực miền Bắc.,CTY - DN,118,8,240135000.0,1,1,1,111,Lost Customers
KH-0129,Công Ty TNHH Cpro Việt Nam,CTY - DN,65,14,410175000.0,1,4,1,141,Lost Customers
KH-0130,Công ty TNHH Deloitte Việt Nam,CTY - DN,25,13,951300000.0,3,3,3,333,Potential Loyalist
KH-0131,CÔNG TY CỔ PHẦN SONGWOL VINA,CTY - DN,55,12,689280000.0,1,3,2,132,Hibernating
KH-0132,Bảo hiểm xã hội tỉnh Hà Giang,CTY - DN,89,10,3634290000.0,1,2,5,125,At Risk
KH-0133,CÔNG TY CỔ PHẦN KIẾN TRÚC ĐỒNG NHÂN,CTY - DN,6,9,1336215000.0,5,1,4,514,Promising
KH-0134,Công ty TNHH Nông Lâm Sản Tiên Phước,CTY - DN,74,10,443460000.0,1,2,1,121,Lost Customers
KH-0135,Công ty TNHH EAGLE ONE ENTERPRISE,CTY - DN,40,10,3083775000.0,2,2,5,225,At Risk
KH-0136,Công ty cổ phần SRP,CTY - DN,13,15,2817495000.0,4,4,5,445,Champions
KH-0137,CÔNG TY TNHH PHÂN PHỐI SYNNEX FPT,CTY - DN,23,12,1504365000.0,3,3,4,334,Need Attention
KH-0138,Công ty TNHH giải pháp công trường xây dựng Doosan Việt Nam,CTY - DN,11,13,709725000.0,4,3,2,432,Potential Loyalist
KH-0139,Công Ty TNHH Xây Dựng Sandstone,CTY - DN,17,11,528165000.0,3,2,2,322,Hibernating
KH-0140,CÔNG TY TNHH DỊCH VỤ TIN HỌC FPT,CTY - DN,10,19,983850000.0,4,5,3,453,Potential Loyalist
KH-0141,CÔNG TY CỔ PHẦN TRUNG VIỆT HƯNG,CTY - DN,5,8,416955000.0,5,1,1,511,New Customers
KH-0142,Công ty cổ phần Act Brain Việt Nam,CTY - DN,11,12,866340000.0,4,3,3,433,Potential Loyalist
KH-0143,CÔNG TY CP VI TÍNH MEKONG,CTY - DN,22,13,923880000.0,3,3,3,333,Potential Loyalist
KH-0144,CÔNG TY CỔ PHẦN THƯƠNG MẠI DỊCH VỤ PHÚ SINH KIM,CTY - DN,2,16,1572600000.0,5,5,4,554,Champions
KH-0145,NGÂN HÀNG TMCP SÀI GÒN - HÀ NỘI,CTY - DN,62,10,523470000.0,1,2,2,122,Hibernating
KH-0146,LIÊN ĐOÀN BÓNG ĐÁ NAUY,CTY - DN,86,13,1085925000.0,1,3,3,133,At Risk
KH-0147,Công TY TNHH Công nghệ Nettop Việt Nam,CTY - DN,27,16,1366905000.0,3,5,4,354,Loyal
KH-0148,Công Ty TNHH Sojitz Viet Nam,CTY - DN,31,9,717360000.0,2,1,2,212,Hibernating
KH-0149,CÔNG TY CỔ PHẦN ZAKKA,CTY - DN,76,9,436695000.0,1,1,1,111,Lost Customers
KH-0150,CÔNG TY TNHH THƯƠNG MẠI VÀ PHÁT TRIỂN CÔNG NGHỆ AE VIỆT NAM,CTY - DN,46,10,512475000.0,2,2,2,222,Hibernating
KH-0151,Công Ty Cổ Phần Style Stone,CTY - DN,76,8,655890000.0,1,1,2,112,Lost Customers
KH-0152,CÔNG TY CỔ PHẦN THÁI MINH,CTY - DN,5,20,4848120000.0,5,5,5,555,Champions
KH-0153,Công Ty CP Công Nghệ Kỹ Thuật Số - HiTD,CTY - DN,3,22,1828395000.0,5,5,4,554,Champions
KH-0154,CÔNG TY CỔ PHẦN THIẾT BỊ CÔNG NGHIỆP VÀ CHUYỂN GIAO CÔNG NGHỆ VIỆT THẮNG,CTY - DN,10,17,1267185000.0,4,5,4,454,Champions
KH-0155,Nhà máy sữa đậu nành Việt Nam Vinasoy - Chi nhánh Công ty Cổ phần Đường Quảng Ngãi,CTY - DN,27,9,666285000.0,3,1,2,312,About To Sleep
KH-0156,Công ty TNHH Xây dựng C.A.D,CTY - DN,12,13,1347210000.0,4,3,4,434,Need Attention
KH-0157,CÔNG TY TNHH YOUNGONE NAM ĐỊNH,CTY - DN,21,14,484695000.0,3,4,2,342,Potential Loyalist
KH-0158,Chi Nhánh công ty TNHH Em-Tech Việt Nam tại Nghệ An,CTY - DN,68,13,3138225000.0,1,3,5,135,At Risk
KH-0159,Chi nhánh Công ty TNHH Bơm EBARA Việt Nam tại Hà Nội,CTY - DN,46,8,255885000.0,2,1,1,211,Hibernating
KH-0160,CÔNG TY TNHH CÔNG NGHỆ CAO BÁCH KHOA,CTY - DN,74,9,2035095000.0,1,1,5,115,Cannot Lose Them
KH-0161,Công Ty TNHH Bao Bì MM Vidon,CTY - DN,1,12,896475000.0,5,3,3,533,Potential Loyalist
KH-0162,Công Ty TNHH Menkar,CTY - DN,22,9,4109655000.0,3,1,5,315,Promising
KH-0163,Công ty TNHH Một Thành Viên Việt Giay,CTY - DN,12,8,909465000.0,4,1,3,413,Promising
KH-0164,TRƯỜNG TIỂU HỌC DÂN LẬP VIỆT MỸ,CTY - DN,5,12,251340000.0,5,3,1,531,Potential Loyalist
KH-0165,TRƯỜNG THCS VIỆT MỸ,CTY - DN,2,20,3257775000.0,5,5,5,555,Champions
KH-0166,CÔNG TY TNHH CÔNG NGHỆ 360 VIỆT NAM,CTY - DN,27,18,846570000.0,3,5,3,353,Potential Loyalist
KH-0167,CÔNG TY TNHH MỘT THÀNH VIÊN TÍN PHÁT COMPUTER,CTY - DN,21,15,1042800000.0,3,4,3,343,Need Attention
KH-0168,CÔNG TY CỔ PHẦN GIẢI PHÁP CÔNG NGHỆ THÔNG TIN VIỆT NAM,CTY - DN,14,16,2280240000.0,4,5,5,455,Champions
KH-0169,CÔNG TY TNHH THƯƠNG MẠI KẾT NỐI AN TOÀN,CTY - DN,61,7,299625000.0,1,1,1,111,Lost Customers
KH-0170,Công ty TNHH Pacisoft Việt Nam,CTY - DN,7,9,1299450000.0,5,1,4,514,Promising
KH-0171,CÔNG TY TNHH MÁY TÍNH ĐỨC AN,CTY - DN,21,10,286005000.0,3,2,1,321,About To Sleep
KH-0172,Công ty TNHH Silver Heritage Việt Nam.,CTY - DN,23,11,748725000.0,3,2,2,322,Hibernating
KH-0173,CÔNG TY CỔ PHẦN TÍCH HỢP GIẢI PHÁP KST,CTY - DN,12,13,951060000.0,4,3,3,433,Potential Loyalist
KH-0174,CÔNG TY TNHH GIẢI PHÁP AN NINH KẾT NỐI CÔNG NGHỆ CAO,CTY - DN,22,9,535440000.0,3,1,2,312,About To Sleep
KH-0175,CÔNG TY CỔ PHẦN DỊCH VỤ CÔNG NGHỆ TSC VIỆT NAM,CTY - DN,9,18,1961295000.0,4,5,5,455,Champions
KH-0176,CÔNG TY TNHH KDDI VIỆT NAM,CTY - DN,61,11,2131380000.0,1,2,5,125,At Risk
KH-0177,CÔNG TY VNPT GLOBAL HK LTD,CTY - DN,20,13,6452610000.0,3,3,5,335,Loyal
KH-0178,CÔNG TY TNHH MỘT THÀNH VIÊN XĂNG DẦU BẾN TRE,CTY - DN,17,14,746850000.0,3,4,2,342,Potential Loyalist
KH-0179,CÔNG TY TNHH GIANG KHÁNH VINH,CTY - DN,64,12,209820000.0,1,3,1,131,Lost Customers
KH-0180,Công Ty TNHH Draeger Việt Nam,CTY - DN,44,5,281220000.0,2,1,1,211,Hibernating
KH-0181,Công ty TNHH Thakral One – Chi nhánh tại Hà Nội,CTY - DN,11,13,1757220000.0,4,3,4,434,Need Attention
KH-0182,CÔNG TY TNHH  MỘT THÀNH VIÊN THƯƠNG MẠI VÀ DỊCH VỤ THỊNH PHÁT COMPUTER,CTY - DN,15,14,1710810000.0,4,4,4,444,Loyal
KH-0183,CÔNG TY CỔ PHẦN TRIHAN,CTY - DN,24,10,1158870000.0,3,2,3,323,Potential Loyalist
KH-0184,Chi nhánh Công ty cổ phần kho vận Jupiter Việt Nam tại Hà Nội,CTY - DN,32,13,642720000.0,2,3,2,232,Hibernating
KH-0185,Chi nhánh công ty cổ phần giao nhận hàng hoá JUPITER- PACIFIC tại thành phố Hà Nội,CTY - DN,46,8,1915950000.0,2,1,5,215,Cannot Lose Them
KH-0186,CÔNG TY TNHH OVI CABLES (VIỆT NAM),CTY - DN,50,14,1574040000.0,1,4,4,144,Cannot Lose Them
KH-0187,CÔNG TY CỔ PHẦN ĐIỆN LỰC KHÁNH HÒA,CTY - DN,80,13,311535000.0,1,3,1,131,Lost Customers
KH-0188,Công ty TNHH công nghiệp ADCEL Việt Nam,CTY - DN,10,13,1251480000.0,4,3,4,434,Need Attention
KH-0189,CÔNG TY CỔ PHẦN DỊCH VỤ BẢO VỆ ALSOK VIỆT NAM,CTY - DN,38,16,490185000.0,2,5,2,252,At Risk
KH-0190,Công ty TNHH Công nghệ Info Việt Nam,CTY - DN,4,11,3875520000.0,5,2,5,525,Promising
KH-0191,CÔNG TY TNHH VIETTEL - CHT,CTY - DN,85,9,396225000.0,1,1,1,111,Lost Customers
KH-0192,HỢP TÁC XÃ MÂY TRE LÁ BA NHẤT,CTY - DN,17,16,1714635000.0,3,5,4,354,Loyal
KH-0193,CÔNG TY TNHH THƯƠNG MẠI QUỐC TẾ TIẾN THÀNH,CTY - DN,4,16,3964725000.0,5,5,5,555,Champions
KH-0194,CÔNG TY TNHH ESOFTFLOW,CTY - DN,7,19,2323050000.0,5,5,5,555,Champions
KH-0195,CÔNG TY TNHH FUJI SEAL VIỆT NAM,CTY - DN,31,11,787035000.0,2,2,3,223,Hibernating
KH-0196,CÔNG TY CP MÁY TÍNH – TRUYỀN THÔNG- ĐIỀU KHIỂN 3C,CTY - DN,9,16,976890000.0,4,5,3,453,Potential Loyalist
KH-0197,CÔNG TY TNHH IMAX,CTY - DN,111,7,809970000.0,1,1,3,113,Cannot Lose Them
KH-0198,CÔNG TY TNHH CÔNG TY KHAI THÁC ĐÁ VÔI YABASHI VIỆT NAM,CTY - DN,4,19,3290025000.0,5,5,5,555,Champions
KH-0199,CÔNG TY CỔ PHẦN REECOM GROUP,CTY - DN,24,17,614505000.0,3,5,2,352,Potential Loyalist
KH-0200,CÔNG TY TNHH PHÁT TRIỂN NAM HỘI AN,CTY - DN,1,12,990225000.0,5,3,3,533,Potential Loyalist
KH-0201,CÔNG TY TNHH SHIFT ASIA,CTY - DN,36,11,776925000.0,2,2,3,223,Hibernating
KH-0202,Công ty CP Giải pháp Siêu Việt,CTY - DN,52,13,1397700000.0,1,3,4,134,At Risk
KH-0203,Công Ty TNHH ENKEI Việt Nam,CTY - DN,72,13,3133725000.0,1,3,5,135,At Risk
KH-0204,CÔNG TY CỔ PHẦN DFM-ENGINEERING,CTY - DN,17,10,3272430000.0,3,2,5,325,Need Attention
KH-0205,CÔNG TY TNHH THIẾT BỊ PHỤ TÙNG CÔNG NGHIỆP VIỆT NAM,CTY - DN,7,10,281805000.0,5,2,1,521,Promising
KH-0206,CÔNG TY TNHH THƯƠNG MẠI DỊCH VỤ VÀ DU LỊCH SONG ANH,CTY - DN,33,9,1033515000.0,2,1,3,213,About To Sleep
KH-0207,CÔNG TY TNHH CÔNG NGHIỆP FULLWEI VIỆT NAM,CTY - DN,11,10,1014330000.0,4,2,3,423,Potential Loyalist
KH-0208,CÔNG TY TNHH THIẾT BỊ IN SPM,CTY - DN,13,13,1242675000.0,4,3,4,434,Need Attention
KH-0209,VĂN PHÒNG ĐĂNG KÝ ĐẤT ĐAI TỈNH BẮC NINH,CTY - DN,47,18,1047330000.0,2,5,3,253,At Risk
KH-0210,CÔNG TY TNHH MẠNG THÔNG TIN PHẲNG,CTY - DN,58,12,895605000.0,1,3,3,133,At Risk
KH-0211,CÔNG TY TNHH KONDO TEKKO VIỆT NAM,CTY - DN,11,14,2960505000.0,4,4,5,445,Champions
KH-0212,CÔNG TY TNHH DONGSUNG VINA,CTY - DN,6,10,2016135000.0,5,2,5,525,Promising
KH-0213,CÔNG TY CỔ PHẦN CÔNG NGHỆ & KHOA HỌC SÔNG HỒNG,CTY - DN,16,9,2072070000.0,4,1,5,415,Promising
KH-0214,CÔNG TY CỔ PHẦN ĐẤT HIẾM VIỆT NAM,CTY - DN,7,11,675435000.0,5,2,2,522,Promising
KH-0215,CÔNG TY CỔ PHẦN PHẦN MỀM QUẢN LÝ DOANH NGHIỆP,CTY - DN,18,14,480840000.0,3,4,2,342,Potential Loyalist
KH-0216,CÔNG TY TRÁCH NHIỆM HỮU HẠN INOAC VIỆT NAM,CTY - DN,119,8,73035000.0,1,1,1,111,Lost Customers
KH-0217,CÔNG TY TNHH THƯƠNG MẠI VÀ DỊCH VỤ DDN,CTY - DN,10,8,470895000.0,4,1,1,411,New Customers
KH-0218,CÔNG TY CỔ PHẦN TƯ VẤN VÀ DỊCH VỤ CÔNG NGHỆ THÔNG TIN KINH DOANH MẠNG LƯỚI CÔNG NGHỆ CAO,CTY - DN,38,8,284670000.0,2,1,1,211,Hibernating
KH-0219,ASPEN RESOURCES PTE LTD,CTY - DN,29,8,6487845000.0,2,1,5,215,Cannot Lose Them
KH-0220,CÔNG TY TNHH BAO BÌ NEXGEN VIỆT NAM,CTY - DN,74,14,2061435000.0,1,4,5,145,At Risk
KH-0221,CÔNG TY TNHH THƯƠNG MẠI VÀ DỊCH VỤ TIN HỌC KHÁNH PHƯƠNG,CTY - DN,32,10,466425000.0,2,2,1,221,About To Sleep
KH-0222,CÔNG TY CỔ PHẦN I.P.L,CTY - DN,7,22,1888230000.0,5,5,5,555,Champions
KH-0223,CÔNG TY TNHH THÀNH LỢI,CTY - DN,52,7,327225000.0,1,1,1,111,Lost Customers
KH-0224,Chi nhánh Công Ty TNHH Mazars Việt Nam Tại Hà Nội,CTY - DN,29,11,2787315000.0,2,2,5,225,At Risk
KH-0225,CÔNG TY TNHH BƠM EBARA VIỆT NAM,CTY - DN,22,16,1511745000.0,3,5,4,354,Loyal
KH-0226,CÔNG TY TNHH BR24 VIETNAM,CTY - DN,93,11,1829325000.0,1,2,4,124,At Risk
KH-0227,CÔNG TY TNHH CANON MARKETING VIỆT NAM,CTY - DN,50,9,882330000.0,1,1,3,113,Cannot Lose Them
KH-0228,CÔNG TY CỔ PHẦN DỊCH VỤ HÀNG HÓA NỘI BÀI,CTY - DN,5,12,925755000.0,5,3,3,533,Potential Loyalist
KH-0229,CÔNG TY CỔ PHẦN VIỄN THÔNG GIANG NAM,CTY - DN,11,18,1520040000.0,4,5,4,454,Champions
KH-0230,Công ty TNHH Thương mại Dịch vụ Xuất nhập khẩu Khôi Nguyên,CTY - DN,75,7,243045000.0,1,1,1,111,Lost Customers
KH-0231,CÔNG TY CỔ PHẦN CAO SU SAO VÀNG,CTY - DN,10,17,550335000.0,4,5,2,452,Potential Loyalist
KH-0232,CÔNG TY TNHH MỘT THÀNH VIÊN ESPERSEN VIỆT NAM,CTY - DN,57,4,317790000.0,1,1,1,111,Lost Customers
KH-0233,CÔNG TY TNHH VIỆT PAN - PACIFIC THANH HÓA,CTY - DN,95,10,873300000.0,1,2,3,123,Hibernating
KH-0234,Công Ty TNHH Umec Việt Nam,CTY - DN,45,12,1591470000.0,2,3,4,234,At Risk
KH-0235,CÔNG TY CỔ PHẦN CÔNG NGHỆ MÁY TÍNH VÀ KIẾN TRÚC HÀ NỘI,CTY - DN,22,19,4104135000.0,3,5,5,355,Loyal
KH-0236,CÔNG TY CỔ PHẦN CÔNG NGHỆ THIÊN VẬN,CTY - DN,3,15,2800695000.0,5,4,5,545,Champions
KH-0237,CÔNG TY CỔ PHẦN ĐẦU TƯ PHÁT TRIỂN CÔNG NGHỆ ỨNG DỤNG TOÀN CẦU,CTY - DN,6,13,440940000.0,5,3,1,531,Potential Loyalist
KH-0238,CÔNG TY TNHH PHẦN MỀM FPT,CTY - DN,19,10,443190000.0,3,2,1,321,About To Sleep
KH-0239,CỔNG THÔNG TIN ĐIỆN TỬ NGHỆ AN,CTY - DN,58,12,332100000.0,1,3,1,131,Lost Customers
KH-0240,Công ty TNHH Extrans Việt Nam,CTY - DN,12,5,548235000.0,4,1,2,412,New Customers
KH-0241,Công ty TNHH May Xuất Nhập Khẩu Đức Thành 3,CTY - DN,22,12,506595000.0,3,3,2,332,Hibernating
KH-0242,CÔNG TY CỔ PHẦN HÃNG SƠN ĐÔNG Á,CTY - DN,5,20,1795995000.0,5,5,4,554,Champions
KH-0243,CÔNG TY TNHH CÔNG NGHỆ THÔNG TIN VIỆT SAO,CTY - DN,56,19,6174495000.0,1,5,5,155,Cannot Lose Them
KH-0244,CÔNG TY CỔ PHẦN THƯƠNG MẠI VÀ XUẤT NHẬP KHẨU HSC39,CTY - DN,12,13,1074510000.0,4,3,3,433,Potential Loyalist
KH-0245,CÔNG TY TNHH HONDA TRADING VIỆT NAM,CTY - DN,54,17,2017875000.0,1,5,5,155,Cannot Lose Them
KH-0246,CÔNG TY TNHH THƯƠNG MẠI VÀ DỊCH VỤ MITU,CTY - DN,33,15,1145760000.0,2,4,3,243,At Risk
KH-0247,Công ty CP Dịch vụ Công nghệ Tin học HPT,CTY - DN,6,9,839175000.0,5,1,3,513,Promising
KH-0248,CÔNG TY CỔ PHẦN DƯỢC PHA NAM,CTY - DN,5,19,1059720000.0,5,5,3,553,Potential Loyalist
KH-0249,CHI NHÁNH CSP LEGAL LLC TẠI HÀ NỘI,CTY - DN,20,12,1705305000.0,3,3,4,334,Need Attention
KH-0250,CÔNG TY TNHH MỘT THÀNH VIÊN KARCHER,CTY - DN,1,11,213915000.0,5,2,1,521,Promising
KH-0251,CÔNG TY TNHH NETMARKS VIỆT NAM,CTY - DN,14,8,879645000.0,4,1,3,413,Promising
KH-0252,CÔNG TY TNHH MOBILE MAPPING VIỆT NAM,CTY - DN,25,17,1061640000.0,3,5,3,353,Potential Loyalist
KH-0253,CÔNG TY TNHH MỘT THÀNH VIÊN THỰC PHẨM PHÚC LỘC THỌ,CTY - DN,31,10,796710000.0,2,2,3,223,Hibernating
KH-0254,CÔNG TY TNHH LG ELECTRONICS VIỆT NAM HẢI PHÒNG,CTY - DN,17,14,810810000.0,3,4,3,343,Need Attention
KH-0255,"ACE TECH Co., Ltd",CTY - DN,2,16,3293925000.0,5,5,5,555,Champions
KH-0256,Công Ty Cổ Phần Chăm Sóc Công Nghệ Thông Tin,CTY - DN,12,15,758595000.0,4,4,2,442,Potential Loyalist
KH-0257,CÔNG TY CỔ PHẦN CÔNG NGHỆ BNH VIỆT NAM,CTY - DN,5,14,712260000.0,5,4,2,542,Potential Loyalist
KH-0258,CÔNG TY CỔ PHẦN THƯƠNG MẠI QUỐC TẾ HOÀN CẦU,CTY - DN,20,11,460125000.0,3,2,1,321,About To Sleep
KH-0259,KRYSTAD CONSULT,CTY - DN,5,17,1252035000.0,5,5,4,554,Champions
KH-0260,CÔNG TY TNHH VALQUA VIỆT NAM,CTY - DN,22,7,1135890000.0,3,1,3,313,Promising
KH-0261,Cục đăng kiểm Việt Nam,CTY - DN,57,18,5642265000.0,1,5,5,155,Cannot Lose Them
KH-0262,CÔNG TY CỔ PHẦN CÔNG NGHỆ TÂM HỢP NHẤT,CTY - DN,19,12,1112715000.0,3,3,3,333,Potential Loyalist
KH-0263,Công ty TNHH Thịnh Phát Auto,CTY - DN,167,8,764055000.0,1,1,2,112,Lost Customers
KH-0264,NGÂN HÀNG THƯƠNG MẠI CỔ PHẦN VIỆT NAM THỊNH VƯỢNG,CTY - DN,66,15,1451580000.0,1,4,4,144,Cannot Lose Them
KH-0265,CÔNG TY CỔ PHẦN FOODY,CTY - DN,19,16,589395000.0,3,5,2,352,Potential Loyalist
KH-0266,CÔNG TY CỔ PHẦN CÔNG NGHỆ BÌNH MINH,CTY - DN,4,13,928905000.0,5,3,3,533,Potential Loyalist
KH-0267,Khách hàng mua lẻ-Giao hàng thu tiền ngay,Khách lẻ,19,12,1248555000.0,3,3,4,334,Need Attention
KH-0268,Công ty TNHH Netika Business Solution Việt Nam,CTY - DN,88,4,33765000.0,1,1,1,111,Lost Customers
KH-0269,Công ty TNHH Quốc tế Delta,CTY - DN,8,8,481065000.0,4,1,2,412,New Customers
KH-0270,CÔNG TY TNHH GEROC,CTY - DN,85,12,534600000.0,1,3,2,132,Hibernating
KH-0271,CÔNG TY TNHH ĐẦU TƯ PHÁT TRIỂN CÔNG NGHỆ VÀ THƯƠNG MẠI TRÚC VÂN,CTY - DN,4,14,401595000.0,5,4,1,541,Potential Loyalist
KH-0272,Công ty Cổ Phần Thiết Bị Máy Tính An Phú Hưng,CTY - DN,65,7,581790000.0,1,1,2,112,Lost Customers
KH-0273,CÔNG TY CỔ PHẦN CÔNG NGHỆ SOTA VIỆT NAM,CTY - DN,93,5,475890000.0,1,1,1,111,Lost Customers
KH-0274,CÔNG TY TRÁCH NHIỆM HỮU HẠN IMG VIỆT NAM,CTY - DN,7,15,2236470000.0,5,4,5,545,Champions
KH-0275,CÔNG TY CP IN MINH PHƯƠNG,CTY - DN,58,8,1656645000.0,1,1,4,114,Cannot Lose Them
KH-0276,Công ty TNHH Thương mại dịch vụ Triparest,CTY - DN,2,15,2139645000.0,5,4,5,545,Champions
KH-0277,BƯU ĐIỆN TỈNH SƠN LA,CTY - DN,54,12,265095000.0,1,3,1,131,Lost Customers
KH-0278,CÔNG TY CỔ PHẦN TẬP ĐOÀN C.E.O,CTY - DN,114,8,161670000.0,1,1,1,111,Lost Customers
KH-0279,Công Ty TNHH Yoosung KN Việt Nam,CTY - DN,1,18,1019955000.0,5,5,3,553,Potential Loyalist
KH-0280,CÔNG TY TNHH DỊCH VỤ THƯƠNG MẠI KHO ĐỎ,CTY - DN,4,18,749400000.0,5,5,2,552,Potential Loyalist
KH-0281,CÔNG TY TNHH BOTANICAL COSMETIC,CTY - DN,11,15,1247985000.0,4,4,4,444,Loyal
KH-0282,CÔNG TY TNHH SIÊU SIÊU NHỎ,CTY - DN,32,18,5252115000.0,2,5,5,255,At Risk
KH-0283,CÔNG TY CỔ PHẦN ĐẦU TƯ SMART FUN,CTY - DN,20,20,814965000.0,3,5,3,353,Potential Loyalist
KH-0284,CÔNG TY TNHH BESTPLANT,CTY - DN,13,12,708225000.0,4,3,2,432,Potential Loyalist
KH-0285,CÔNG TY TNHH THÔNG TIN NTT (VIỆT NAM),CTY - DN,9,15,360675000.0,4,4,1,441,Potential Loyalist
KH-0286,CÔNG TY TNHH DAN TI,CTY - DN,14,18,3243495000.0,4,5,5,455,Champions
KH-0287,CÔNG TY TNHH NAM&CO LONDON,CTY - DN,41,20,3549990000.0,2,5,5,255,At Risk
KH-0288,CÔNG TY CỔ PHẦN DỊCH VỤ GIẢI PHÁP CÔNG NGHỆ MẠNG 10,CTY - DN,59,12,1506525000.0,1,3,4,134,At Risk
KH-0289,CÔNG TY TNHH SỮA CHO TƯƠNG LAI,CTY - DN,2,20,1189020000.0,5,5,3,553,Potential Loyalist
KH-0290,CÔNG TY CỔ PHẦN ĐIỆN VÀ CHIẾU SÁNG AN PHÚ,CTY - DN,29,10,1062000000.0,2,2,3,223,Hibernating
KH-0291,CHI NHÁNH CÔNG TY TNHH ĐẦU TƯ BẤT ĐỘNG SẢN HÒA BÌNH - KHÁCH SẠN NOVOTEL SUITES HÀ NỘI,CTY - DN,7,11,557910000.0,5,2,2,522,Promising
KH-0292,CÔNG TY TNHH CƠ ĐIỆN LẠNH - THƯƠNG MẠI HÒA BÌNH,CTY - DN,14,14,1648905000.0,4,4,4,444,Loyal
KH-0293,Công ty TNHH Công nghiệp nặng Doosan Việt Nam,CTY - DN,44,13,976890000.0,2,3,3,233,Hibernating
KH-0294,Ngân Hàng Thương Mại Cổ Phần Kỹ Thương Việt Nam,CTY - DN,40,10,2305380000.0,2,2,5,225,At Risk
KH-0295,Công Ty Cổ Phần Công Nghệ Sao Bắc Đẩu,CTY - DN,8,15,1210935000.0,4,4,4,444,Loyal
KH-0296,Chi Nhánh CTy TNHH CARGILL Việt Nam  tại Hưng yên,CTY - DN,18,10,313335000.0,3,2,1,321,About To Sleep
KH-0297,Công ty TNHH Quảng cáo Duy Nguyên,CTY - DN,45,14,512220000.0,2,4,2,242,At Risk
KH-0298,Công Ty Cổ Phần Thương Mại Và Công Nghệ Thông Tin Tân Việt,CTY - DN,8,14,3577740000.0,4,4,5,445,Champions
KH-0299,CÔNG TY CỔ PHẦN THƯƠNG MẠI VÀ DU LỊCH TẦM NHÌN VIỆT,CTY - DN,5,13,988815000.0,5,3,3,533,Potential Loyalist
KH-0300,CÔNG TY CỔ PHẦN SẢN XUẤT VÀ THƯƠNG MẠI ĐIỆN BÌNH SƠN,CTY - DN,4,19,4423215000.0,5,5,5,555,Champions
KH-0301,Công Ty TNHH Một Thành Viên Techcoms,CTY - DN,14,14,709620000.0,4,4,2,442,Potential Loyalist
KH-0302,Công ty Cổ Phần Visco,CTY - DN,17,11,5115855000.0,3,2,5,325,Need Attention
KH-0303,Công ty cổ phần 3B,CTY - DN,40,14,7441920000.0,2,4,5,245,At Risk
KH-0304,Công Ty Cổ Phần Đầu Tư Xây Dựng Thương Mại Công Nghệ Thăng Long,CTY - DN,64,10,732870000.0,1,2,2,122,Hibernating
KH-0305,Phòng Tài Vụ - Viện Quy Hoạch Thủy Lợi,CTY - DN,12,13,2463300000.0,4,3,5,435,Loyal
KH-0306,TRUNG TÂM PHÁT TRIỂN THƯƠNG MẠI ĐIỆN TỬ,CTY - DN,18,13,840300000.0,3,3,3,333,Potential Loyalist
KH-0307,NGÂN HÀNG HỢP TÁC XÃ VIỆT NAM,CTY - DN,21,14,2234340000.0,3,4,5,345,Loyal
KH-0308,Công ty TNHH Medikit Việt Nam,CTY - DN,51,12,914070000.0,1,3,3,133,At Risk
KH-0309,Công Ty TNHH Thương Mại Hoàng Phát,CTY - DN,9,8,104415000.0,4,1,1,411,New Customers
KH-0310,Công ty Cổ phần Sản xuất và Dịch vụ Máy tính 3C,CTY - DN,129,10,257055000.0,1,2,1,121,Lost Customers
KH-0311,Công ty TNHH Thương mại và xuất nhập khẩu D&C Việt Nam,CTY - DN,1,14,599070000.0,5,4,2,542,Potential Loyalist
KH-0312,CÔNG TY CỔ PHẦN CÔNG NGHỆ VÀ TRUYỀN THÔNG TECCOM,CTY - DN,35,10,447480000.0,2,2,1,221,About To Sleep
KH-0313,CÔNG TY TNHH QUẢN LÝ XÂY DỰNG VINCOM 1,CTY - DN,17,13,800220000.0,3,3,3,333,Potential Loyalist
KH-0314,Công ty TNHH Đầu tư xây dựng và thương mại Ngãi Cầu,CTY - DN,17,15,493665000.0,3,4,2,342,Potential Loyalist
KH-0315,Công Ty TNHH thương mại kỹ thuật Thiên Phú,CTY - DN,20,16,1560900000.0,3,5,4,354,Loyal
KH-0316,CÔNG TY TNHH CÔNG NGHỆ ĐỘT DẬP MOCHIZUKI VIỆT NAM,CTY - DN,50,12,828825000.0,1,3,3,133,At Risk
KH-0317,Công ty TNHH Dịch Vụ Số Hợp Quân,CTY - DN,20,7,774165000.0,3,1,3,313,Promising
KH-0318,Công ty TNHH Ogishi Việt Nam,CTY - DN,14,14,1973955000.0,4,4,5,445,Champions
KH-0319,CÔNG TY CỔ PHẦN VIỆT NGA,CTY - DN,41,14,443355000.0,2,4,1,241,About To Sleep
KH-0320,CHI NHÁNH CÔNG TY TNHH TODA VIỆT NAM TẠI HÀ NỘI,CTY - DN,49,14,2931255000.0,2,4,5,245,At Risk
KH-0321,CÔNG TY TNHH DỊCH VỤ THƯƠNG MẠI TRANG NHI,CTY - DN,8,21,1300305000.0,4,5,4,454,Champions
KH-0322,CÔNG TY TNHH VIETNAM JINTUO ELECTRONICS,CTY - DN,35,16,3169815000.0,2,5,5,255,At Risk
KH-0323,CÔNG TY TNHH MTV THƯƠNG MẠI ITCG VIỆT NAM,CTY - DN,79,11,1425975000.0,1,2,4,124,At Risk
KH-0324,Công ty CP Đầu tư và Phát triển Đô thị Việt Hưng,CTY - DN,27,14,1228335000.0,3,4,4,344,Loyal
KH-0325,CÔNG TY TNHH CÔNG TRÌNH CẤP THOÁT NƯỚC & HẠ TẦNG ĐÔ THỊ M.A.T,CTY - DN,3,14,1178505000.0,5,4,3,543,Loyal
KH-0326,CÔNG TY TNHH TƯ VẤN MRI,CTY - DN,38,10,722490000.0,2,2,2,222,Hibernating
KH-0327,CÔNG TY TRÁCH NHIỆM HỮU HẠN DIGITAL DAESUNG VIỆT NAM,CTY - DN,3,11,693225000.0,5,2,2,522,Promising
KH-0328,CÔNG TY TNHH POWER LOGICS VINA,CTY - DN,24,14,1080675000.0,3,4,3,343,Need Attention
KH-0329,CÔNG TY CỔ PHẦN QUỐC TẾ WORLD STAR,CTY - DN,31,13,590130000.0,2,3,2,232,Hibernating
KH-0330,CÔNG TY CỔ PHẦN TẬP ĐOÀN VBCC,CTY - DN,25,12,1420185000.0,3,3,4,334,Need Attention
KH-0331,CHI NHÁNH MIỀN TRUNG CÔNG TY CỔ PHẦN TU BỔ DI TÍCH TW-VINAREMON,CTY - DN,24,12,1183155000.0,3,3,3,333,Potential Loyalist
KH-0332,CÔNG TY TNHH PIN GP (VIỆT NAM),CTY - DN,72,12,891795000.0,1,3,3,133,At Risk
KH-0333,CÔNG TY TNHH THỜI TRANG STAR,CTY - DN,31,16,469200000.0,2,5,1,251,About To Sleep
KH-0334,CÔNG TY CỔ PHẦN TƯ VẤN XÂY DỰNG CẢNG - ĐƯỜNG THUỶ,CTY - DN,28,11,381615000.0,3,2,1,321,About To Sleep
KH-0335,CÔNG TY TNHH NISSHO ELECTRONICS VIỆT NAM,CTY - DN,11,13,2922735000.0,4,3,5,435,Loyal
KH-0336,CÔNG TY TNHH DỊCH VỤ VÀ THƯƠNG MẠI VIETSUN,CTY - DN,11,11,423285000.0,4,2,1,421,New Customers
KH-0337,CÔNG TY CỔ PHẦN HỒNG LAM,CTY - DN,5,12,1689615000.0,5,3,4,534,Need Attention
KH-0338,CÔNG TY CỔ PHẦN PHÁT TRIỂN NGUỒN NHÂN LỰC THÁI SƠN,CTY - DN,31,16,1378320000.0,2,5,4,254,At Risk
KH-0339,CÔNG TY TNHH CÔNG NGHỆ VÀ GIẢI PHÁP THÔNG MINH,CTY - DN,20,14,1705920000.0,3,4,4,344,Loyal
KH-0340,CÔNG TY TNHH KỸ NGHỆ BANICO,CTY - DN,20,12,361005000.0,3,3,1,331,About To Sleep
KH-0341,Công Ty Cổ Phần YoTek,CTY - DN,30,11,322530000.0,2,2,1,221,About To Sleep
KH-0342,CÔNG TY CỔ PHẦN BÁCH TOÀN,CTY - DN,97,16,2950725000.0,1,5,5,155,Cannot Lose Them
KH-0343,TỔNG CÔNG TY CỔ PHẦN BIA- RƯỢU- NƯỚC GIẢI KHÁT HÀ NỘI,CTY - DN,57,13,199200000.0,1,3,1,131,Lost Customers
KH-0344,CÔNG TY CỔ PHẦN TƯ VẤN  QUẢN TRỊ DOANH NGHIỆP TINH VÂN,CTY - DN,36,11,779145000.0,2,2,3,223,Hibernating
KH-0345,CÔNG TY TNHH HJC VINA,CTY - DN,3,7,1398945000.0,5,1,4,514,Promising
KH-0346,CÔNG TY CP - TẬP ĐOÀN THAIGROUP,CTY - DN,15,12,5474700000.0,4,3,5,435,Loyal
KH-0347,Tổng cục hậu cần - Bộ quốc phòng,CTY - DN,28,11,801225000.0,3,2,3,323,Potential Loyalist
KH-0348,CÔNG TY CỔ PHẦN ỨNG DỤNG VÀ PHÁT TRIỂN CÔNG NGHỆ THÔNG TIN,CTY - DN,17,11,2050680000.0,3,2,5,325,Need Attention
KH-0349,Công Ty TNHH Thiết Bị Tin Học Vinatech,CTY - DN,16,7,348300000.0,4,1,1,411,New Customers
KH-0350,BAN PHÁT TRIỂN CỘNG ĐỒNG XÃ VÂN THANH,CTY - DN,62,11,885690000.0,1,2,3,123,Hibernating
KH-0351,CÔNG TY CỔ PHẦN XÂY LẮP VÀ ĐIỆN NƯỚC QUANG MINH,CTY - DN,34,11,720585000.0,2,2,2,222,Hibernating
KH-0352,CÔNG TY TNHH THÁI HOA ĐÔ,CTY - DN,25,15,603750000.0,3,4,2,342,Potential Loyalist
KH-0353,CÔNG TY TNHH THƯƠNG MẠI & ĐẦU TƯ CÔNG NGHỆ PHƯỢNG HOÀNG,CTY - DN,8,13,762660000.0,4,3,2,432,Potential Loyalist
KH-0354,TRUNG TÂM ĐĂNG KIỂM XE CƠ GIỚI 98-02D-CNHTXĐTXDQL VÀ KT CHỢ HẢI AN TẠI TPBG,CTY - DN,8,17,1311435000.0,4,5,4,454,Champions
KH-0355,Công Ty TNHH Một Thành Viên Điện Tử Tin Học MHQ,CTY - DN,38,6,165405000.0,2,1,1,211,Hibernating
KH-0356,Công ty Cổ Phần Giải Pháp Tech Vietnam,CTY - DN,22,19,755715000.0,3,5,2,352,Potential Loyalist
KH-0357,CÔNG TY CỔ PHẦN DỊCH VỤ VĂN PHÒNG BẮC HÀ,CTY - DN,65,10,1208280000.0,1,2,4,124,At Risk
KH-0358,Công ty TNHH KSS Việt Nam,CTY - DN,15,16,257415000.0,4,5,1,451,Potential Loyalist
KH-0359,CÔNG TY CỔ PHẦN PHÁT TRIỂN DỊCH VỤ AN LỘC,CTY - DN,9,17,1769790000.0,4,5,4,454,Champions
KH-0360,"Hợp tác xã đầu tư, xây dựng, quản lý và khai thác chợ Hải An",CTY - DN,1,15,3701925000.0,5,4,5,545,Champions
KH-0361,CÔNG TY TNHH THƯƠNG MẠI ĐIỆN TỬ BẢO GIANG,CTY - DN,17,20,1478910000.0,3,5,4,354,Loyal
KH-0362,VĂN PHÒNG CÔNG CHỨNG NGUYỄN VĂN THU,CTY - DN,15,8,778290000.0,4,1,3,413,Promising
KH-0363,Công ty TNHH Công Nghệ Phần Mềm TOP Việt Nam,CTY - DN,4,19,2703735000.0,5,5,5,555,Champions
KH-0364,CÔNG TY TNHH HỆ THỐNG MỚI VIỆT NAM,CTY - DN,40,10,918930000.0,2,2,3,223,Hibernating
KH-0365,CÔNG TY CỔ PHẦN CÔNG NGHỆ VÀ TIN HỌC EST,CTY - DN,1,14,574815000.0,5,4,2,542,Potential Loyalist
KH-0366,Công ty Cổ Phần Đầu tư và Phát triển nhà Hà Nội số 52,CTY - DN,43,8,1873875000.0,2,1,4,214,Cannot Lose Them
KH-0367,CÔNG TY TNHH CÔNG NGHỆ VÀ TRUYỀN THÔNG AN MA VIỆT NAM,CTY - DN,34,7,114630000.0,2,1,1,211,Hibernating
KH-0368,CÔNG TY CỔ PHẦN BELLSYSTEM24-HOASAO,CTY - DN,7,12,493680000.0,5,3,2,532,Potential Loyalist
KH-0369,CÔNG TY TNHH THƯƠNG MẠI VÀ ĐẦU TƯ PHÁT TRIỂN CÔNG NGHỆ,CTY - DN,9,19,2022405000.0,4,5,5,455,Champions
KH-0370,VĂN PHÒNG ĐẠI DIỆN NGÂN HÀNG TNHH CTBC TẠI HÀ NỘI,CTY - DN,36,15,642150000.0,2,4,2,242,At Risk
KH-0371,CÔNG TY TNHH MAXPORT LIMITED (VIET NAM),CTY - DN,27,8,245970000.0,3,1,1,311,New Customers
KH-0372,CÔNG TY TNHH CÔNG NGHỆ PHẨM BA ĐÌNH,CTY - DN,53,10,548610000.0,1,2,2,122,Hibernating
KH-0373,CÔNG TY CP THỦY ĐIỆN LEADER NAM TIẾN,CTY - DN,24,13,1248390000.0,3,3,4,334,Need Attention
KH-0374,CÔNG TY CỔ PHẦN A B PHÚ QUỐC,CTY - DN,18,17,1112895000.0,3,5,3,353,Potential Loyalist
KH-0375,CHI NHÁNH CÔNG TY TNHH TƯ VẤN KỸ THUẬT TIN HỌC VÀ THƯƠNG MẠI VIỆT C.A.D,CTY - DN,25,12,1768995000.0,3,3,4,334,Need Attention
KH-0376,CÔNG TY CỔ PHẦN BLUESOFTS,CTY - DN,49,10,560595000.0,2,2,2,222,Hibernating
KH-0377,CÔNG TY TNHH ĐIỆN GIÓ CHÍNH THẮNG,CTY - DN,24,9,401835000.0,3,1,1,311,New Customers
KH-0378,CÔNG TY CỔ PHẦN ADVANTECH VIỆT NAM TECHNOLOGY,CTY - DN,2,13,1674000000.0,5,3,4,534,Need Attention
KH-0379,CÔNG TY TNHH CÔNG NGHỆ THÔNG TIN VIỆT NAM SƠN,CTY - DN,58,10,1243860000.0,1,2,4,124,At Risk
KH-0380,CÔNG TY CỔ PHẦN KỸ THUẬT CMP,CTY - DN,85,7,508275000.0,1,1,2,112,Lost Customers
KH-0381,CÔNG TY TNHH THIẾT BỊ NỘI THẤT CAO CẤP,CTY - DN,30,10,858240000.0,2,2,3,223,Hibernating
KH-0382,CÔNG TY TNHH TÍN BẢO LAN,CTY - DN,4,17,1128075000.0,5,5,3,553,Potential Loyalist
KH-0383,CÔNG TY TNNHH KỸ THUẬT BỀN VỮNG VIỆT NAM,CTY - DN,107,8,266895000.0,1,1,1,111,Lost Customers
KH-0384,CÔNG TY CỔ PHẦN CÔNG NGHỆ VÀ DỊCH VỤ MÁY CHỦ MINH CHÂU,CTY - DN,16,12,1778640000.0,4,3,4,434,Need Attention
KH-0385,CÔNG TY TNHH INSIGHT TECHNOLOGY VIỆT NAM,CTY - DN,50,11,474195000.0,1,2,1,121,Lost Customers
KH-0386,CÔNG TY LIÊN DOANH Y HỌC VIỆT - HÀN,CTY - DN,114,9,944145000.0,1,1,3,113,Cannot Lose Them
KH-0387,Công ty TNHH dịch vụ công nghệ phát triển bền vững và quản lý năng lượng,CTY - DN,12,14,567570000.0,4,4,2,442,Potential Loyalist
KH-0388,Công ty cổ phần tư vấn thiết kế điện Long Giang,CTY - DN,7,12,1085040000.0,5,3,3,533,Potential Loyalist
KH-0389,CÔNG TY TNHH HỆ THỐNG TRUYỀN TẢI VÀ PHÂN PHỐI TOSHIBA (VIỆT NAM),CTY - DN,8,12,1212330000.0,4,3,4,434,Need Attention
KH-0390,CÔNG TY TRÁCH NHIỆM HỮU HẠN TIẾP VẬN THĂNG LONG,CTY - DN,8,13,634335000.0,4,3,2,432,Potential Loyalist
KH-0391,CÔNG TY CỔ PHẦN XÂY DỰNG VÀ ĐẦU TƯ THƯƠNG MẠI HOÀNG HÀ,CTY - DN,13,12,649530000.0,4,3,2,432,Potential Loyalist
KH-0392,Học Viện Khoa Học Xã Hội,CTY - DN,4,9,2162970000.0,5,1,5,515,Promising
KH-0393,CÔNG TY TNHH TƯ VẤN GIẢI PHÁP VÀ ĐÀO TẠO CÔNG NGHỆ THÔNG TIN DIPT,CTY - DN,13,13,2343375000.0,4,3,5,435,Loyal
KH-0394,Chi nhánh công ty cổ phần Logistics Vinalink,CTY - DN,59,14,739065000.0,1,4,2,142,At Risk
KH-0395,Công Ty TNHH Framas HaNoi,CTY - DN,22,14,2003415000.0,3,4,5,345,Loyal
KH-0396,CÔNG TY TNHH FRAMGIA VIỆT NAM,CTY - DN,20,11,375255000.0,3,2,1,321,About To Sleep
KH-0397,TRUNG TÂM TIN HỌC- BỘ KHOA HỌC CÔNG NGHỆ,CTY - DN,13,13,828375000.0,4,3,3,433,Potential Loyalist
KH-0398,CÔNG TY TNHH CÔNG NGHỆ PHẦN MỀM SAO VIỆT,CTY - DN,36,13,536205000.0,2,3,2,232,Hibernating
KH-0399,Công Ty TNHH Sao Đỏ Việt Nam,CTY - DN,17,14,3452130000.0,3,4,5,345,Loyal
KH-0400,CÔNG TY CỔ PHẦN THƯƠNG MẠI MÁY CHỦ HÀ NỘI,CTY - DN,69,11,519360000.0,1,2,2,122,Hibernating
KH-0401,Công ty TNHH Fujitsu Việt Nam,CTY - DN,10,15,840870000.0,4,4,3,443,Need Attention
KH-0402,CÔNG TY TNHH PHẦN MỀM CHẤT LƯỢNG,CTY - DN,24,15,1848135000.0,3,4,4,344,Loyal
KH-0403,TRUNG TÂM HẠ TẦNG THÔNG TIN TỈNH PHÚC,CTY - DN,5,16,1244205000.0,5,5,4,554,Champions
KH-0404,CÔNG TY CỔ PHẦN TÍCH HỢP HỆ THỐNG THÔNG TIN 3CSI,CTY - DN,6,9,980250000.0,5,1,3,513,Promising
KH-0405,CÔNG TY CỔ PHẦN HYUNDAI THÀNH CÔNG VIỆT NAM,CTY - DN,4,8,379200000.0,5,1,1,511,New Customers
KH-0406,CHI NHÁNH - CÔNG TY TNHH MỘT THÀNH VIÊN VIỄN THÔNG QUỐC TẾ FPT,CTY - DN,58,12,1462830000.0,1,3,4,134,At Risk
KH-0407,CÔNG TY CỔ PHẦN CÔNG NGHỆ THÔNG TIN NAM Á,CTY - DN,27,14,523665000.0,3,4,2,342,Potential Loyalist
KH-0408,CÔNG TY CỔ PHẦN CÔNG NGHỆ THƯƠNG MẠI DỊCH VỤ VIETSTARS,CTY - DN,77,12,2951655000.0,1,3,5,135,At Risk
KH-0409,CÔNG TY CỔ PHẦN TƯ VẤN VÀ ĐẦU TƯ XÂY DỰNG THÁI NGUYÊN,CTY - DN,26,13,606885000.0,3,3,2,332,Hibernating
KH-0410,CÔNG TY TNHH THƯƠNG MẠI DỊCH VỤ VÀ PHÁT TRIỂN CÔNG NGHỆ TOÀN THẮNG,CTY - DN,17,16,1438335000.0,3,5,4,354,Loyal
KH-0411,CHI NHÁNH MIỀN BẮC - CÔNG TY CỔ PHẦN HẠ TẦNG VIỄN THÔNG CMC,CTY - DN,11,15,601575000.0,4,4,2,442,Potential Loyalist
KH-0412,CÔNG TY CỔ PHẦN CÔNG NGHỆ GIÁO DỤC VÀ TRUYỀN THÔNG VECTECH,CTY - DN,21,15,5373465000.0,3,4,5,345,Loyal
KH-0413,CÔNG TY CỔ PHẦN CÔNG NGHỆ BẰNG HỮU,CTY - DN,6,12,1584585000.0,5,3,4,534,Need Attention
KH-0414,CÔNG TY CỔ PHẦN ĐẦU TƯ CAPITAL HOUSE,CTY - DN,56,7,230745000.0,1,1,1,111,Lost Customers
KH-0415,CÔNG TY CỔ PHẦN DỊCH VỤ VÀ CÔNG NGHỆ MIỀN BẮC,CTY - DN,8,9,1041900000.0,4,1,3,413,Promising
KH-0416,CÔNG TY TNHH THƯƠNG MẠI TÂN AN,CTY - DN,12,10,212775000.0,4,2,1,421,New Customers
KH-0417,CÔNG TY TNHH MEKTEC MANUFACTURING (VIỆT NAM),CTY - DN,8,17,1734105000.0,4,5,4,454,Champions
KH-0418,Công ty TNHH Kỹ Nghệ Phúc Anh,CTY - DN,8,14,928005000.0,4,4,3,443,Need Attention
KH-0419,CÔNG TY CỔ PHẦN TECOMEN,CTY - DN,4,15,2098845000.0,5,4,5,545,Champions
KH-0420,CÔNG TY CỔ PHẦN RCEE - NIRAS,CTY - DN,24,11,2251875000.0,3,2,5,325,Need Attention
KH-0421,CÔNG TY CỔ PHẦN TMC HÀ NỘI- VIỆT NAM,CTY - DN,46,16,593265000.0,2,5,2,252,At Risk
KH-0422,Công ty TNHH JGC Việt Nam,CTY - DN,25,19,1933950000.0,3,5,5,355,Loyal
KH-0423,CÔNG TY TNHH TCG LAND,CTY - DN,38,14,933285000.0,2,4,3,243,At Risk
KH-0424,Công ty Cổ phần Overseas Fashions,CTY - DN,46,8,619110000.0,2,1,2,212,Hibernating
KH-0425,Công ty TNHH Trung tâm Gia công Hà Nội Việt Nam POSCO-VNPC,CTY - DN,21,20,1269330000.0,3,5,4,354,Loyal
KH-0426,Công Ty TNHH Liên Kết Công Nghệ,CTY - DN,38,10,486735000.0,2,2,2,222,Hibernating
KH-0427,Chi Nhánh Công Ty TNHH Comin Việt Nam,CTY - DN,44,17,1693605000.0,2,5,4,254,At Risk
KH-0428,Công Ty TNHH Hệ Thống Công Nghiệp Việt Nam,CTY - DN,3,11,2362605000.0,5,2,5,525,Promising
KH-0429,Công ty TNHH Hellobyte,CTY - DN,35,9,1915440000.0,2,1,5,215,Cannot Lose Them
KH-0430,Công Ty Cổ Phần Thương Mại Kỹ Thuật Tam Thành Phát,CTY - DN,25,15,1286460000.0,3,4,4,344,Loyal
KH-0431,Văn phòng đại diện New World Fashion Group tại Hồ Chí Minh,CTY - DN,7,13,817635000.0,5,3,3,533,Potential Loyalist
KH-0432,CÔNG TY CỔ PHẦN ĐẦU TƯ Q&T,CTY - DN,4,13,1170945000.0,5,3,3,533,Potential Loyalist
KH-0433,CÔNG TY TNHH CHUNGHWA TELECOM VIỆT NAM,CTY - DN,31,17,1394010000.0,2,5,4,254,At Risk
KH-0434,Công ty TNHH Comin Việt Nam,CTY - DN,109,6,2945340000.0,1,1,5,115,Cannot Lose Them
KH-0435,Công Ty Cổ Phần Công Nghệ Thông Tin Địa Lý Ek,CTY - DN,3,15,667770000.0,5,4,2,542,Potential Loyalist
KH-0436,Công Ty Cổ Phần Thức Ăn Chăn Nuôi Thái Dương,CTY - DN,37,10,522390000.0,2,2,2,222,Hibernating
KH-0437,Công ty TNHH Thương Mại Và Công Nghệ Việt,CTY - DN,26,10,703350000.0,3,2,2,322,Hibernating
KH-0438,Công ty TNHH Dịch vụ Tiện ích Quốc tế OCS,CTY - DN,17,10,1812015000.0,3,2,4,324,Need Attention
KH-0439,TRUNG TÂM THỬ NGHIỆM KHÍ THẢI PHƯƠNG TIỆN GIAO THÔNG CƠ GIỚI ĐƯỜNG BỘ,CTY - DN,50,13,2907570000.0,1,3,5,135,At Risk
KH-0440,Công Ty TNHH Viễn Thông Và Công Nghệ Cao Thái Sơn,CTY - DN,37,10,1006905000.0,2,2,3,223,Hibernating
KH-0441,Công ty TNHH thương mại và sản xuất Hoàng Mai,CTY - DN,36,13,517830000.0,2,3,2,232,Hibernating
KH-0442,CÔNG TY CỔ PHẦN THƯƠNG MẠI HỒNG HÀ,CTY - DN,3,15,1160745000.0,5,4,3,543,Loyal
KH-0443,TRUNG TÂM THÔNG TIN DỮ LIỆU ĐIỆN TỬ TỈNH THỪA THIÊN HUẾ,CTY - DN,58,11,1817400000.0,1,2,4,124,At Risk
KH-0444,CÔNG TY TNHH DỊCH VỤ CÔNG NGHỆ THÔNG TIN TOÀN CẦU,CTY - DN,7,12,683310000.0,5,3,2,532,Potential Loyalist
KH-0445,CÔNG TY TNHH HANSOL ELECTRONICS VIỆT NAM,CTY - DN,10,11,351000000.0,4,2,1,421,New Customers
KH-0446,CÔNG TY TNHH NETCAB,CTY - DN,1,15,604710000.0,5,4,2,542,Potential Loyalist
KH-0447,CÔNG TY CỔ PHẦN VICOSTONE,CTY - DN,9,11,2689620000.0,4,2,5,425,Promising
KH-0448,CÔNG TY TNHH SX-TM HÀNH MỸ,CTY - DN,13,16,1049040000.0,4,5,3,453,Potential Loyalist
KH-0449,CÔNG TY TNHH MANPOWER VIỆT NAM,CTY - DN,2,11,1638255000.0,5,2,4,524,Promising
KH-0450,CHI NHÁNH CÔNG TY LIÊN DOANH TNHH NIPPON EXPRESS (VIỆT NAM) TẠI HÀ NỘI,CTY - DN,53,9,327930000.0,1,1,1,111,Lost Customers
KH-0451,CÔNG TY CỔ PHẦN ĐIỆN TOÁN VIỄN THÔNG VIETTELCO,CTY - DN,7,9,616350000.0,5,1,2,512,New Customers
KH-0452,CÔNG TY CỔ PHẦN KỸ THUẬT SIGMA,CTY - DN,4,9,753660000.0,5,1,2,512,New Customers
KH-0453,Công ty cổ phần đầu tư và phát triển kỹ thuật năng lượng VEC,CTY - DN,118,8,3525315000.0,1,1,5,115,Cannot Lose Them
KH-0454,CÔNG TY CỔ PHẦN GIẢI PHÁP CÔNG NGHỆ SAVIS VIỆT NAM,CTY - DN,18,16,586200000.0,3,5,2,352,Potential Loyalist
KH-0455,Công ty cổ phần Vận tải & Dịch vụ Petrolimex Nghệ Tĩnh,CTY - DN,44,10,179205000.0,2,2,1,221,About To Sleep
KH-0456,Công ty TNHH May Mặc Excel Việt Nam,CTY - DN,5,18,1171350000.0,5,5,3,553,Potential Loyalist
KH-0457,CÔNG TY CỔ PHẦN TẬP ĐOÀN PHƯỢNG HOÀNG XANH A&A,CTY - DN,1,12,999840000.0,5,3,3,533,Potential Loyalist
KH-0458,TRƯỜNG QUỐC TẾ ĐA CẤP ANH VIỆT HOÀNG GIA (BVIS ROYAL),CTY - DN,15,12,780180000.0,4,3,3,433,Potential Loyalist
KH-0459,CÔNG TY TNHH DU LỊCH MẠO HIỂM XUYÊN Á,CTY - DN,102,8,97110000.0,1,1,1,111,Lost Customers
KH-0460,Công ty TNHH Thiết Bị Khoa Học Công Nghệ Mới,CTY - DN,33,13,2982255000.0,2,3,5,235,At Risk
KH-0461,Công ty Cổ Phần Máy Tính Nhật Mỹ,CTY - DN,39,10,495240000.0,2,2,2,222,Hibernating
KH-0462,Dự án phát triển hệ thống thông tin quản lý ngành Lâm nghiệp tại Việt Nam-Giai đoạn 2 (Formis II),CTY - DN,45,9,855300000.0,2,1,3,213,About To Sleep
KH-0463,Công Ty TNHH Fruit of The Loom Việt Nam,CTY - DN,11,14,606735000.0,4,4,2,442,Potential Loyalist
KH-0464,CÔNG TY TNHH TIN HỌC VIỄN THÔNG NHẤT TIẾN CHUNG,CTY - DN,32,16,2288460000.0,2,5,5,255,At Risk
KH-0465,CÔNG TY CỔ PHẦN PHẦN MỀM THĂNG LONG,CTY - DN,46,9,2123265000.0,2,1,5,215,Cannot Lose Them
KH-0466,CÔNG TY TNHH JFD VIỆT NAM,CTY - DN,61,14,2007765000.0,1,4,5,145,At Risk
KH-0467,TRUNG TÂM ỨNG DỤNG CÔNG NGHỆ THÔNG TIN XÚC TIẾN THƯƠNG MẠI,CTY - DN,5,9,261765000.0,5,1,1,511,New Customers
KH-0468,Công ty TNHH Công nghiệp Oriental Sports Việt Nam,CTY - DN,37,11,1221450000.0,2,2,4,224,At Risk
KH-0469,Công ty TNHH ACTIVE-SEMI Việt Nam,CTY - DN,51,15,574095000.0,1,4,2,142,At Risk
KH-0470,Công Ty CP Dịch Vụ Công Nghệ Sao Bắc Đẩu,CTY - DN,28,17,3075990000.0,3,5,5,355,Loyal
KH-0471,CÔNG TY CỔ PHẦN SSS VIỆT NAM,CTY - DN,77,16,2060325000.0,1,5,5,155,Cannot Lose Them
KH-0472,Công Ty TNHH Sự Lựa Chọn Vàng,CTY - DN,11,15,4666890000.0,4,4,5,445,Champions
KH-0473,CÔNG TY CỔ PHẦN THƯƠNG MẠI DỊCH VỤ TIN HỌC TÍN THÀNH,CTY - DN,13,10,530625000.0,4,2,2,422,New Customers
KH-0474,Công ty TNHH Yen Of LonDon,CTY - DN,55,14,5377410000.0,1,4,5,145,At Risk
KH-0475,Công ty TNHH Sugiko Việt Nam,CTY - DN,8,9,1036305000.0,4,1,3,413,Promising
KH-0476,CHI NHÁNH CÔNG TY TNHH PHẦN MỀM FPT TẠI ĐÀ NẴNG,CTY - DN,22,11,333090000.0,3,2,1,321,About To Sleep
KH-0477,CÔNG TY CỔ PHẦN GIẢI PHÁP CÔNG NGHỆ FANXIPAN VIỆT NAM,CTY - DN,4,18,1199040000.0,5,5,3,553,Potential Loyalist
KH-0478,Chi nhánh công ty TNHH Shoei Việt Nam tại Bắc Ninh,CTY - DN,48,13,1752930000.0,2,3,4,234,At Risk
KH-0479,Công ty TNHH Terumo Việt Nam,CTY - DN,3,14,689010000.0,5,4,2,542,Potential Loyalist
KH-0480,CÔNG TY TNHH CÔNG NGHỆ ẮC QUY HENG LI (VIỆT NAM),CTY - DN,49,9,271125000.0,2,1,1,211,Hibernating
KH-0481,CÔNG TY TNHH VSIP BẮC NINH,CTY - DN,112,12,317940000.0,1,3,1,131,Lost Customers
KH-0482,Công Ty Cổ Phần Hà Yến,CTY - DN,13,18,3623505000.0,4,5,5,455,Champions
KH-0483,Công Ty Cổ Phần Trò Chơi Hiker,CTY - DN,43,5,1047585000.0,2,1,3,213,About To Sleep
KH-0484,Văn phòng dự án Tổ chức TRAFFIC International tại Việt Nam,CTY - DN,41,21,1098930000.0,2,5,3,253,At Risk
KH-0485,CÔNG TY CỔ PHẦN NHÂN LỰC QUỐC TẾ HRI,CTY - DN,21,4,222525000.0,3,1,1,311,New Customers
KH-0486,CỤC XÚC TIẾN THƯƠNG MẠI,CTY - DN,47,16,1582005000.0,2,5,4,254,At Risk
KH-0487,CÔNG TY CỔ PHẦN HANACANS,CTY - DN,6,22,1021665000.0,5,5,3,553,Potential Loyalist
KH-0488,QES (ASIA - PACIFIC) SDN BHD.,CTY - DN,31,10,1476255000.0,2,2,4,224,At Risk
KH-0489,Công Ty TNHH Puretech Việt Nam,CTY - DN,7,15,622965000.0,5,4,2,542,Potential Loyalist
KH-0490,Công ty TNHH MTV Cao Su Dầu Tiếng,CTY - DN,7,11,291480000.0,5,2,1,521,Promising
KH-0491,Công ty TNHH PASONA TECH Việt Nam,CTY - DN,6,11,424815000.0,5,2,1,521,Promising
KH-0492,Công ty TNHH công nghiệp C.N.T,CTY - DN,15,15,2513025000.0,4,4,5,445,Champions
KH-0493,Công Ty TNHH Honda Lock Việt Nam,CTY - DN,58,10,4656915000.0,1,2,5,125,At Risk
KH-0494,Công ty TNHH Sungnam Knitting Mills,CTY - DN,9,16,1869060000.0,4,5,4,454,Champions
KH-0495,CÔNG TY TNHH DAIN LEADERS VIỆT NAM,CTY - DN,43,15,1264800000.0,2,4,4,244,At Risk
KH-0496,CÔNG TY CỔ PHẦN DỊCH VỤ HÀNG KHÔNG SÂN BAY TÂN SƠN NHẤT,CTY - DN,2,14,869460000.0,5,4,3,543,Loyal
KH-0497,Công Ty Cổ Phần Careerbuilder,CTY - DN,3,14,1303905000.0,5,4,4,544,Champions
KH-0498,"Ngân Hàng Citibank, N.A., Chi Nhánh Thành Phố Hồ Chí Minh",CTY - DN,23,20,913710000.0,3,5,3,353,Potential Loyalist
KH-0499,CÔNG TY TNHH ĐIỆN TỬ TIN HỌC IT,CTY - DN,44,14,940920000.0,2,4,3,243,At Risk
KH-0500,CÔNG TY TNHH NHÀ NƯỚC MỘT THÀNH VIÊN KHAI THÁC CÔNG TRÌNH THỦY LỢI PHÚ THỌ,CTY - DN,16,14,479220000.0,4,4,1,441,Potential Loyalist
KH-0501,Công ty TNHH Vật Tư Khoa Học Kỹ Thuật Đông Dương,CTY - DN,57,14,2351565000.0,1,4,5,145,At Risk
KH-0502,Công Ty TNHH Thương Mại Dịch Vụ Kỹ Thuật G.P.L,CTY - DN,14,13,941160000.0,4,3,3,433,Potential Loyalist
KH-0503,VĂN PHÒNG TỈNH ỦY LÀO CAI,CTY - DN,2,15,2070330000.0,5,4,5,545,Champions
KH-0504,Công Ty TNHH Công Nghệ Tin Học C.P,CTY - DN,19,15,2209065000.0,3,4,5,345,Loyal
KH-0505,CÔNG TY TNHH NOZOMI,CTY - DN,38,9,3194220000.0,2,1,5,215,Cannot Lose Them
KH-0506,Công ty TNHH Sài Gòn STEC,CTY - DN,47,10,230955000.0,2,2,1,221,About To Sleep
KH-0507,CÔNG TY TNHH NIPPON PAINT VIỆT NAM (HÀ NỘI),CTY - DN,10,12,889635000.0,4,3,3,433,Potential Loyalist
KH-0508,Công ty Cổ phần LICOGI13- Nền móng xây dựng,CTY - DN,25,17,1780635000.0,3,5,4,354,Loyal
KH-0509,CÔNG TY TNHH EM-TECH VIỆT NAM,CTY - DN,26,9,192705000.0,3,1,1,311,New Customers
KH-0510,CÔNG TY TNHH MỘT THÀNH VIÊN THƯƠNG MẠI DỊCH VỤ DẦU KHÍ ĐÔNG HƯNG,CTY - DN,60,9,721290000.0,1,1,2,112,Lost Customers
KH-0511,CÔNG TY CỔ PHẦN THỰC PHẨM RICHY MIỀN BẮC,CTY - DN,17,10,301455000.0,3,2,1,321,About To Sleep
KH-0512,Công ty TNHH Công nghệ Niềm Tin,CTY - DN,7,8,1309125000.0,5,1,4,514,Promising
KH-0513,CÔNG TY CỔ PHẦN GIÀY ĐẠI LỘC,CTY - DN,69,9,259260000.0,1,1,1,111,Lost Customers
KH-0514,CÔNG TY TNHH HITACHI PLANT TECHNOLOGIES ( VIỆT NAM),CTY - DN,23,17,1324755000.0,3,5,4,354,Loyal
KH-0515,CÔNG TY CỔ PHẦN TƯ VẤN ĐẦU TƯ VÀ DỊCH VỤ NÔNG NGHIỆP VIỆT NAM,CTY - DN,6,22,995250000.0,5,5,3,553,Potential Loyalist
KH-0516,CÔNG TY TNHH SD GLOBAL VIỆT NAM,CTY - DN,10,12,1957980000.0,4,3,5,435,Loyal
KH-0517,CÔNG TY TNHH TAKAHATA PRECISION VIỆT NAM,CTY - DN,12,8,407625000.0,4,1,1,411,New Customers
KH-0518,CÔNG TY CỔ PHẦN SẢN XUẤT HÀNG THỂ THAO,CTY - DN,15,12,1508595000.0,4,3,4,434,Need Attention
KH-0519,CÔNG TY TNHH SCANDINAVIAN DESIGN VIỆT NAM,CTY - DN,9,9,1032225000.0,4,1,3,413,Promising
KH-0520,Công Ty TNHH Công Nghiệp Vĩnh Tường Miền Bắc Việt Nam,CTY - DN,6,21,1386435000.0,5,5,4,554,Champions
KH-0521,CÔNG TY TNHH GIẢI PHÁP DG,CTY - DN,71,12,512205000.0,1,3,2,132,Hibernating
KH-0522,CÔNG TY CỔ PHẦN SXKD XNK BÌNH THẠNH,CTY - DN,20,14,1320390000.0,3,4,4,344,Loyal
KH-0523,CTY JFE ENGINEERING CORPORATION – NTC THCV THI CÔNG & HT CÁC HM LQ ĐẾN GT “CP-2: NM XỬ LÝ NƯỚC THẢI”,CTY - DN,44,14,2383380000.0,2,4,5,245,At Risk
KH-0524,CÔNG TY CỔ PHẦN ĐẦU TƯ BẤT ĐỘNG SẢN SAIGONTEL,CTY - DN,9,15,618435000.0,4,4,2,442,Potential Loyalist
KH-0525,Công Ty Cổ Phần Phát Triển Đô Thị Quốc Tế Việt Nam,CTY - DN,59,10,939690000.0,1,2,3,123,Hibernating
KH-0526,CÔNG TY TNHH DỆT VÀ NHUỘM HƯNG YÊN,CTY - DN,28,11,2877150000.0,3,2,5,325,Need Attention
KH-0527,TRUNG TÂM ĐÀO TẠO VÀ NÂNG CAO NĂNG LỰC PHỤ NỮ,CTY - DN,19,14,3481905000.0,3,4,5,345,Loyal
KH-0528,CÔNG TY CỔ PHẦN CÔNG NGHỆ OCG,CTY - DN,103,8,456990000.0,1,1,1,111,Lost Customers
KH-0529,Công Ty Cổ Phần Nhiệt Điện Vũng Áng II (Vapco),CTY - DN,25,14,669345000.0,3,4,2,342,Potential Loyalist
KH-0530,CÔNG TY TNHH TM&DV VĨNH CƯỜNG,CTY - DN,3,13,200385000.0,5,3,1,531,Potential Loyalist
KH-0531,CÔNG TY CỔ PHẦN THƯƠNG MẠI VÀ CÔNG NGHỆ HÀ VIỆT,CTY - DN,1,22,710595000.0,5,5,2,552,Potential Loyalist
KH-0532,CONG TY TNHH MICHELLE,CTY - DN,70,8,2071470000.0,1,1,5,115,Cannot Lose Them
KH-0533,Công ty TNHH MT Hojgaard Việt Nam,CTY - DN,160,9,871110000.0,1,1,3,113,Cannot Lose Them
KH-0534,Công ty TNHH Technova,CTY - DN,16,13,1222965000.0,4,3,4,434,Need Attention
KH-0535,CÔNG TY CỔ PHẦN DỊCH VỤ KỸ THUẬT MOBIFONE,CTY - DN,42,13,4958985000.0,2,3,5,235,At Risk
KH-0536,CÔNG TY CỔ PHẦN XÂY DỰNG VÀ THƯƠNG MẠI PHÚ QUANG HƯNG,CTY - DN,38,11,1082940000.0,2,2,3,223,Hibernating
KH-0537,CÔNG TY TNHH KHU CÔNG NGHIỆP THĂNG LONG VĨNH PHÚC,CTY - DN,15,18,1232985000.0,4,5,4,454,Champions
KH-0538,CÔNG TY CỔ PHẦN THIẾT BỊ VÀ PHÁT TRIỂN CÔNG NGHỆ TRỌNG ĐIỂM,CTY - DN,30,10,418845000.0,2,2,1,221,About To Sleep
KH-0539,CÔNG TY TNHH BUSINESS CONSULTANTS VIỆT NAM,CTY - DN,12,8,339555000.0,4,1,1,411,New Customers
KH-0540,Công ty Cổ phần INNOTEK,CTY - DN,6,20,1779600000.0,5,5,4,554,Champions
KH-0541,CÔNG TY CỔ PHẦN FPS VIỆT NAM,CTY - DN,20,14,1429200000.0,3,4,4,344,Loyal
KH-0542,CÔNG TY TNHH TƯ VẤN VÀ ĐẦU TƯ TIÊN PHONG QUỐC TẾ VIỆT NAM,CTY - DN,122,8,345465000.0,1,1,1,111,Lost Customers
KH-0543,CÔNG TY TNHH ENS FOAM,CTY - DN,2,23,1685565000.0,5,5,4,554,Champions
KH-0544,CÔNG TY TNHH INSPECTORIO VIỆT NAM,CTY - DN,3,10,321345000.0,5,2,1,521,Promising
KH-0545,CHI NHÁNH CÔNG TY CỔ PHẦN FOODY TẠI HÀ NỘI,CTY - DN,20,12,906855000.0,3,3,3,333,Potential Loyalist
KH-0546,CÔNG TY TNHH CÔNG NGHỆ THÔNG TIN VẠN LỘC,CTY - DN,31,12,364020000.0,2,3,1,231,About To Sleep
KH-0547,CHI NHÁNH THÀNH PHỐ HỒ CHÍ MINH - CÔNG TY CỔ PHẦN VINATEX QUỐC TẾ,CTY - DN,23,10,2494005000.0,3,2,5,325,Need Attention
KH-0548,CÔNG TY TNHH TRUYỀN THÔNG VÀ QUẢNG CÁO THÀNH NAM,CTY - DN,58,11,361620000.0,1,2,1,121,Lost Customers
KH-0549,CÔNG TY TRÁCH NHIỆM HỮU HẠN VÂN LONG,CTY - DN,15,11,1117890000.0,4,2,3,423,Potential Loyalist
KH-0550,CÔNG TY TNHH TƯ VẤN COUTURE VIỆT NAM,CTY - DN,82,19,3576825000.0,1,5,5,155,Cannot Lose Them
KH-0551,CÔNG TY CỔ PHẦN NƯỚC GIẢI KHÁT SANEST KHÁNH HÒA,CTY - DN,7,15,621405000.0,5,4,2,542,Potential Loyalist
KH-0552,CÔNG TY CỔ PHẦN ĐẠI ĐỒNG TIẾN,CTY - DN,11,17,1003260000.0,4,5,3,453,Potential Loyalist
KH-0553,Công ty CP Truyền thông và Công nghệ A1,CTY - DN,31,9,278415000.0,2,1,1,211,Hibernating
KH-0554,CÔNG TY TNHH KHU CÔNG NGHIỆP THĂNG LONG,CTY - DN,22,9,1379475000.0,3,1,4,314,Promising
KH-0555,CÔNG TY TNHH KỸ THUẬT VÀ THƯƠNG MẠI VIỆT Á,CTY - DN,89,10,233235000.0,1,2,1,121,Lost Customers
KH-0556,CÔNG TY CỔ PHẦN CÔNG NGHỆ TAM PHÚ,CTY - DN,5,18,798840000.0,5,5,3,553,Potential Loyalist
KH-0557,Công ty TNHH Tư vấn Quản lý MCG,CTY - DN,55,11,1445325000.0,1,2,4,124,At Risk
KH-0558,CÔNG TY CỔ PHẦN ĐẦU TƯ VÀ CÔNG NGHỆ HC TOÀN CẦU,CTY - DN,17,16,579630000.0,3,5,2,352,Potential Loyalist
KH-0559,CÔNG TY CỔ PHẦN ĐẦU TƯ VÀ PHÁT TRIỂN HƯNG PHÁT,CTY - DN,7,14,2090640000.0,5,4,5,545,Champions
KH-0560,Công ty TNHH Thakral One,CTY - DN,5,14,548850000.0,5,4,2,542,Potential Loyalist
KH-0561,Công ty TNHH Phần mềm CADCAM,CTY - DN,26,13,897615000.0,3,3,3,333,Potential Loyalist
KH-0562,CN Công ty TNHH Nhà nước MTV Thương mại và XNK VIETTEL-Trung tâm phân phối,CTY - DN,8,8,267840000.0,4,1,1,411,New Customers
KH-0563,CÔNG TY TNHH EL DORADO VIỆT NAM,CTY - DN,28,12,474405000.0,3,3,1,331,About To Sleep
KH-0564,Công Ty TNHH Phần mềm Tin Học Điện Tử Tích Hợp,CTY - DN,53,9,183150000.0,1,1,1,111,Lost Customers
KH-0565,CÔNG TY CỔ PHẦN THẾ GIỚI SỐ TRẦN ANH,CTY - DN,15,15,904980000.0,4,4,3,443,Need Attention
KH-0566,Công ty Cổ phần Quảng cáo Mai Cát Tường,CTY - DN,46,16,1371180000.0,2,5,4,254,At Risk
KH-0567,CÔNG TY TNHH MỘT THÀNH VIÊN DỊCH VỤ DU LỊCH VIT HẠ LONG,CTY - DN,23,14,2854785000.0,3,4,5,345,Loyal
KH-0568,Công ty TNHH Phân Phối SNB,CTY - DN,8,9,853290000.0,4,1,3,413,Promising
KH-0569,Chi Nhánh Công Ty TNHH Yen Of London,CTY - DN,90,10,684285000.0,1,2,2,122,Hibernating
KH-0570,Công ty TNHH BX Bunka Việt Nam,CTY - DN,83,12,3087720000.0,1,3,5,135,At Risk
KH-0571,CÔNG TY TNHH THIẾT BỊ KỸ THUẬT TUẤN THỊNH,CTY - DN,45,8,267015000.0,2,1,1,211,Hibernating
KH-0572,CÔNG TY TNHH CNC VINA,CTY - DN,49,16,1223895000.0,2,5,4,254,At Risk
KH-0573,Công ty TNHH GoerTek Vina,CTY - DN,15,13,830475000.0,4,3,3,433,Potential Loyalist
KH-0574,CÔNG TY TNHH WELLBE VIỆT NAM,CTY - DN,26,10,310860000.0,3,2,1,321,About To Sleep
KH-0575,CÔNG TY TNHH YOON IL VIỆT NAM,CTY - DN,25,13,740445000.0,3,3,2,332,Hibernating
KH-0576,TRUNG TÂM TƯ VẤN THIẾT KẾ VÀ XÂY DỰNG,CTY - DN,28,15,2652030000.0,3,4,5,345,Loyal
KH-0577,Viện Khoa Học và Kỹ Thuật Hạt Nhân,CTY - DN,3,15,926400000.0,5,4,3,543,Loyal
KH-0578,CÔNG TY CỔ PHẦN TẬP ĐOÀN THÀNH CÔNG,CTY - DN,48,11,577080000.0,2,2,2,222,Hibernating
KH-0579,CÔNG TY TNHH VIỆT NAM TOYO DENSO,CTY - DN,2,16,1283775000.0,5,5,4,554,Champions
KH-0580,CÔNG TY TNHH THƯƠNG MẠI TRẦN HỒNG QUÂN,CTY - DN,24,13,923445000.0,3,3,3,333,Potential Loyalist
KH-0581,CÔNG TY CỔ PHẦN KORIHOME VIỆT NAM,CTY - DN,56,6,375630000.0,1,1,1,111,Lost Customers
KH-0582,NGÂN HÀNG NÔNG NGHIỆP VÀ PHÁT TRIỂN NÔNG THÔN VIỆT NAM - CHI NHÁNH HUYỆN XUÂN LỘC ĐỒNG NAI,CTY - DN,26,11,175365000.0,3,2,1,321,About To Sleep
KH-0583,CÔNG TY TNHH MAZARS VIỆT NAM,CTY - DN,28,13,1735800000.0,3,3,4,334,Need Attention
KH-0584,CÔNG TY CỔ PHẦN SẢN XUẤT KINH DOANH DƯỢC VÀ TRANG THIẾT BỊ Y TẾ VIỆT MỸ,CTY - DN,4,11,1304145000.0,5,2,4,524,Promising
KH-0585,Công ty TNHH Đầu Tư thương mại Dung Hòa,CTY - DN,4,9,202470000.0,5,1,1,511,New Customers
KH-0586,CÔNG TY TNHH THƯƠNG MẠI DỊCH VỤ PHÁT TRIỂN HẢI TRUNG,CTY - DN,27,22,1206405000.0,3,5,3,353,Potential Loyalist
KH-0587,CÔNG TY CỔ PHẦN JIVC,CTY - DN,8,7,548550000.0,4,1,2,412,New Customers
KH-0588,CÔNG TY CỔ PHẦN THƯƠNG MẠI VÀ ĐẦU TƯ CÔNG NGHỆ ANH EM,CTY - DN,96,6,1437885000.0,1,1,4,114,Cannot Lose Them
KH-0589,CÔNG TY TNHH UTI VINA,CTY - DN,24,12,489645000.0,3,3,2,332,Hibernating
KH-0590,Trường THPT Nguyễn Văn Linh,CTY - DN,15,10,1152270000.0,4,2,3,423,Potential Loyalist
KH-0591,CHI NHÁNH THÀNH PHỐ HỒ CHÍ MINH – CÔNG TY TNHH HASHIMA VIỆT NAM,CTY - DN,31,12,2355570000.0,2,3,5,235,At Risk
KH-0592,CÔNG TY CỔ PHẦN HẠ TẦNG ĐÔNG Á,CTY - DN,10,13,2373885000.0,4,3,5,435,Loyal
KH-0593,Công Ty TNHH Hệ Thống Thông Tin Fpt,CTY - DN,29,17,1792080000.0,2,5,4,254,At Risk
KH-0594,CÔNG TY CỔ PHẦN GIẢI PHÁP CÔNG NGHỆ VÀ TRUYỀN THÔNG VICTORY VIỆT NAM,CTY - DN,43,12,486075000.0,2,3,2,232,Hibernating
KH-0595,"Co-well Co., Ltd",CTY - DN,8,10,1443405000.0,4,2,4,424,Promising
KH-0596,CÔNG TY TNHH HWATA VIỆT NAM,CTY - DN,11,12,428640000.0,4,3,1,431,Potential Loyalist
KH-0597,CÔNG TY TNHH YOUNGJIN HI - TECH VINA,CTY - DN,3,17,2723340000.0,5,5,5,555,Champions
KH-0598,CÔNG TY PHẦN MỀM VNPT- CHI NHÁNH TỔNG CÔNG TY DỊCH VỤ VIỄN THÔNG,CTY - DN,7,20,3920805000.0,5,5,5,555,Champions
KH-0599,Công ty TNHH thương mại và dịch vụ Thông Thiên,CTY - DN,2,17,2887845000.0,5,5,5,555,Champions
KH-0600,Công Ty TNHH Thương Mại Công Nghệ Minh Thắng,CTY - DN,5,11,1414410000.0,5,2,4,524,Promising
KH-0601,Công ty TNHH May Nien Hsing Việt Nam,CTY - DN,2,11,989985000.0,5,2,3,523,Promising
KH-0602,TRƯỜNG THPT VIỆT MỸ ANH,CTY - DN,80,11,259035000.0,1,2,1,121,Lost Customers
KH-0603,Công ty TNHH thương mại dịch vụ An Đạt Thịnh,CTY - DN,5,14,435045000.0,5,4,1,541,Potential Loyalist
KH-0604,CÔNG TY TNHH MTV ỨNG DỤNG CÔNG NGHỆ VÀ DỊCH VỤ TRUYỀN THÔNG ÂU LẠC,CTY - DN,31,8,743070000.0,2,1,2,212,Hibernating
KH-0605,CÔNG TY CỔ PHẦN VĂN HÓA TÂN BÌNH,CTY - DN,27,16,817935000.0,3,5,3,353,Potential Loyalist
KH-0606,CÔNG TY TNHH THƯƠNG MẠI & DỊCH VỤ T.T.K,CTY - DN,18,12,448050000.0,3,3,1,331,About To Sleep
KH-0607,CÔNG TY CỔ PHẦN THỦY SẢN CÀ MAU,CTY - DN,41,10,397380000.0,2,2,1,221,About To Sleep
KH-0608,CÔNG TY CỔ PHẦN ĐẦU TƯ XÂY DỰNG BẤT ĐỘNG SẢN LANMAK,CTY - DN,17,13,730170000.0,3,3,2,332,Hibernating
KH-0609,Công ty TNHH Phát triển công nghệ và thương mại Gia Long,CTY - DN,23,15,3639060000.0,3,4,5,345,Loyal
KH-0610,CÔNG TY CỐ PHẦN DỊCH VỤ MÁY TÍNH KỶ NGUYÊN,CTY - DN,3,6,417090000.0,5,1,1,511,New Customers
KH-0611,Công Ty Cổ Phần Thực Phẩm Richy Miền Nam,CTY - DN,6,10,451695000.0,5,2,1,521,Promising
KH-0612,Công ty TNHH Thương Mại Tin Học Công Nghệ Zonotek,CTY - DN,16,19,1222635000.0,4,5,4,454,Champions
KH-0613,Công ty CP ĐT và PTCN Quốc gia ADG,CTY - DN,3,14,623550000.0,5,4,2,542,Potential Loyalist
KH-0614,CÔNG TY TNHH THƯƠNG MẠI VÀ DỊCH VỤ TIN HỌC HT VIỆT NAM,CTY - DN,27,7,371670000.0,3,1,1,311,New Customers
KH-0615,Công ty TNHH Yokowo Việt Nam,CTY - DN,78,14,776520000.0,1,4,3,143,At Risk
KH-0616,CÔNG TY CỔ PHẦN VẬN TẢI BÌNH AN HÀ TIÊN,CTY - DN,27,13,1116690000.0,3,3,3,333,Potential Loyalist
KH-0617,Công ty CP Máy Tính Hà Nội,CTY - DN,12,9,1606560000.0,4,1,4,414,Promising
KH-0618,Công ty TNHH GTS Hải Đăng,CTY - DN,127,9,961050000.0,1,1,3,113,Cannot Lose Them
KH-0619,CÔNG TY TNHH DOOSUN VIỆT NAM,CTY - DN,104,8,423615000.0,1,1,1,111,Lost Customers
KH-0620,CÔNG TY TNHH VIỆT NAM TOKAI,CTY - DN,17,8,815625000.0,3,1,3,313,Promising
KH-0621,CÔNG TY NĂNG LƯỢNG MEKONG,CTY - DN,8,9,394590000.0,4,1,1,411,New Customers
KH-0622,Công ty TNHH Thương mại Kỹ thuật Song Lợi,CTY - DN,4,12,2610750000.0,5,3,5,535,Need Attention
KH-0623,CÔNG TY CỔ PHẦN BỀN,CTY - DN,157,10,1065525000.0,1,2,3,123,Hibernating
KH-0624,CÔNG TY TNHH BAGS CONNECTION VINA,CTY - DN,19,10,135075000.0,3,2,1,321,About To Sleep
KH-0625,Công ty TNHH Yudo Việt Nam,CTY - DN,36,15,1365390000.0,2,4,4,244,At Risk
KH-0626,CÔNG TY CỔ PHẦN NSTECH VIỆT NAM,CTY - DN,13,20,1726635000.0,4,5,4,454,Champions
KH-0627,CÔNG TY TNHH THƯƠNG MẠI VÀ DỊCH VỤ TRÂM QUỲNH,CTY - DN,106,15,3531870000.0,1,4,5,145,At Risk
KH-0628,CÔNG TY TNHH MỘT THÀNH VIÊN THƯƠNG MẠI DỊCH VỤ TIN HỌC MẠNH TÚ,CTY - DN,30,20,2407635000.0,2,5,5,255,At Risk
KH-0629,CÔNG TY TNHH GIẢI PHÁP VÀ DỊCH VỤ CAO CẤP,CTY - DN,6,14,2288745000.0,5,4,5,545,Champions
KH-0630,CÔNG TY TNHH THƯƠNG MẠI LONG MỸ,CTY - DN,28,12,7946580000.0,3,3,5,335,Loyal
KH-0631,Công ty TNHH công nghệ xây dựng Đại Phong,CTY - DN,5,19,3234360000.0,5,5,5,555,Champions
KH-0632,CÔNG TY TNHH MHI AEROSPACE VIỆT NAM,CTY - DN,43,8,439905000.0,2,1,1,211,Hibernating
KH-0633,CÔNG TY TNHH FRESCO FOODS,CTY - DN,11,15,676815000.0,4,4,2,442,Potential Loyalist
KH-0634,CÔNG TY VTC DỊCH VỤ TRUYỀN HÌNH SỐ,CTY - DN,45,10,672990000.0,2,2,2,222,Hibernating
KH-0635,Công Ty Kurihara Việt Nam,CTY - DN,24,13,1019025000.0,3,3,3,333,Potential Loyalist
KH-0636,CÔNG TY TNHH KỸ THUẬT CHANGHONG (VIỆT NAM),CTY - DN,25,11,1256100000.0,3,2,4,324,Need Attention
KH-0637,Công Ty TNHH Một Thành Viên Đóng Tàu Hạ Long,CTY - DN,32,14,1301145000.0,2,4,4,244,At Risk
KH-0638,CÔNG TY CỔ PHẦN DELTA CROPCARE,CTY - DN,31,11,1745880000.0,2,2,4,224,At Risk
KH-0639,Cửa Hàng Công Liên,CTY - DN,14,21,1064535000.0,4,5,3,453,Potential Loyalist
KH-0640,CÔNG TY M&C ELECTRONICS VINA,CTY - DN,12,11,1936320000.0,4,2,5,425,Promising
KH-0641,CÔNG TY TNHH 1 TV DỊCH VỤ THƯƠNG MẠI PHÚC HOÀNG,CTY - DN,21,15,1354350000.0,3,4,4,344,Loyal
KH-0642,Công Ty TNHH QUảng Cáo B.M.C,CTY - DN,18,15,1366755000.0,3,4,4,344,Loyal
KH-0643,CÔNG TY TNHH QUẢN LÝ CA,CTY - DN,39,9,595965000.0,2,1,2,212,Hibernating
KH-0644,Công Ty CP Thiết Kế và Trang Trí Nội Thất Norah,CTY - DN,3,9,655275000.0,5,1,2,512,New Customers
KH-0645,Công Ty Cổ Phần Cơ Kim Khí Việt Mỹ,CTY - DN,70,9,555675000.0,1,1,2,112,Lost Customers
KH-0646,CÔNG TY TNHH NIKKEN INTERNATIONAL ASIA,CTY - DN,22,11,900360000.0,3,2,3,323,Potential Loyalist
KH-0647,CÔNG TY TNHH BROTEX (VIỆT NAM),CTY - DN,5,19,5997435000.0,5,5,5,555,Champions
KH-0648,Công ty TNHH Lockon Việt Nam,CTY - DN,25,9,847305000.0,3,1,3,313,Promising
KH-0649,VPĐD THƯỜNG TRÚ HIỆP HỘI CÁC PHÒNG THƯƠNG MẠI & CÔNG NGHIỆP ĐỨC (DIHK) TẠI VIỆT NAM,CTY - DN,13,10,2599995000.0,4,2,5,425,Promising
KH-0650,Công ty TNHH KISHIN Việt Nam,CTY - DN,61,12,638820000.0,1,3,2,132,Hibernating
KH-0651,Công Ty TNHH Công Nghệ Kinh Doanh Quốc Tế,CTY - DN,6,17,4998315000.0,5,5,5,555,Champions
KH-0652,CÔNG TY TNHH CO-WELL CHÂU Á,CTY - DN,10,19,1091790000.0,4,5,3,453,Potential Loyalist
KH-0653,Công Ty Cổ Phần BlueCom Việt Nam,CTY - DN,48,14,1720845000.0,2,4,4,244,At Risk
KH-0654,Công ty Cổ phần Tân Cảng Bến Thành,CTY - DN,5,19,2034720000.0,5,5,5,555,Champions
KH-0655,Công ty TNHH NISHIO Rent All Việt Nam,CTY - DN,32,10,347145000.0,2,2,1,221,About To Sleep
KH-0656,CÔNG TY TNHH TÂN HỒNG HÀ,CTY - DN,17,11,3086805000.0,3,2,5,325,Need Attention
KH-0657,CÔNG TY TNHH NS TECH.VINA,CTY - DN,6,14,850860000.0,5,4,3,543,Loyal
KH-0658,CÔNG TY CỔ PHẦN TƯ VẤN XÂY DỰNG ĐIỆN 4,CTY - DN,9,12,1108050000.0,4,3,3,433,Potential Loyalist
KH-0659,VPĐD TT HIỆP HỘI CÁC PHÒNG THƯƠNG MẠI & CÔNG  NGHIỆP ĐỨC (DIHK) TẠI TP. HỒ CHÍ MINH,CTY - DN,2,10,357810000.0,5,2,1,521,Promising
KH-0660,Công Ty TNHH Mizuho Precision Việt Nam,CTY - DN,15,9,1751745000.0,4,1,4,414,Promising
KH-0661,TRUNG TÂM TƯ VẤN XÂY DỰNG CÔNG NGHIỆP VÀ HẠ TẦNG,CTY - DN,5,15,665280000.0,5,4,2,542,Potential Loyalist
KH-0662,Công ty TNHH Maxpeed Hà Nội,CTY - DN,11,10,313185000.0,4,2,1,421,New Customers
KH-0663,Đài Phát thanh - Truyền hình Hải Dương,CTY - DN,31,6,2511210000.0,2,1,5,215,Cannot Lose Them
KH-0664,CÔNG TY TNHH RICHARD MOORE ASSOCIATES,CTY - DN,58,10,1130535000.0,1,2,3,123,Hibernating
KH-0665,CÔNG TY TNHH GIẤY  KRAFT VINA,CTY - DN,64,9,419325000.0,1,1,1,111,Lost Customers
KH-0666,CÔNG TY TNHH WURTH VIỆT NAM,CTY - DN,75,12,507525000.0,1,3,2,132,Hibernating
KH-0667,CÔNG TY CỔ PHẦN DỊCH VỤ KỸ THUẬT VIỄN THÔNG,CTY - DN,25,13,430860000.0,3,3,1,331,About To Sleep
KH-0668,Công ty TNHH Kotiti Việt Nam,CTY - DN,50,9,379890000.0,1,1,1,111,Lost Customers
KH-0669,Công ty Cổ phần Đầu tư Kỹ thuật Berjaya Gia Thịnh,CTY - DN,20,10,330375000.0,3,2,1,321,About To Sleep
KH-0670,CÔNG TY TNHH PROPERWELL VIỆT NAM,CTY - DN,15,16,1443870000.0,4,5,4,454,Champions
KH-0671,TRUNG TÂM PHÒNG CHỐNG HIV/AIDS TỈNH KIÊN GIANG,CTY - DN,46,12,864825000.0,2,3,3,233,Hibernating
KH-0672,CÔNG TY TNHH NIPPON PAINT VĨNH PHÚC,CTY - DN,5,18,772275000.0,5,5,3,553,Potential Loyalist
KH-0673,CÔNG TY TNHH TƯ VẤN ĐẦU TƯ & XÂY DỰNG A.E,CTY - DN,17,13,483540000.0,3,3,2,332,Hibernating
KH-0674,CÔNG TY TNHH GENSOFT VINA,CTY - DN,26,13,1331100000.0,3,3,4,334,Need Attention
KH-0675,CÔNG TY TNHH THƯƠNG MẠI VÀ XÂY LẮP HÀ NGUYÊN,CTY - DN,38,10,601335000.0,2,2,2,222,Hibernating
KH-0676,CÔNG TY TNHH DỊCH VỤ BẢO DƯỠNG MÁY BAY CẢNG HÀNG KHÔNG MIỀN NAM,CTY - DN,36,10,1053645000.0,2,2,3,223,Hibernating
KH-0677,VĂN PHÒNG ĐẠI DIỆN CÔNG TY VIETNAM HOLDING ASSET MANAGEMENT LTD. TẠI THÀNH PHỐ HỒ CHÍ MINH,CTY - DN,136,9,1921665000.0,1,1,5,115,Cannot Lose Them
KH-0678,CÔNG TY CỔ PHẦN PHÁT TRIỂN NHÀ G HOMES,CTY - DN,9,15,1398255000.0,4,4,4,444,Loyal
KH-0679,CÔNG TY TNHH OGILVYONE VIỆT NAM,CTY - DN,45,15,1571625000.0,2,4,4,244,At Risk
KH-0680,"CÔNG TY TNHH VẬN CHUYỂN ""K"" LINE (VIỆT NAM)",CTY - DN,8,16,1808700000.0,4,5,4,454,Champions
KH-0681,CÔNG TY TNHH ĐÔNG A,CTY - DN,16,13,831975000.0,4,3,3,433,Potential Loyalist
KH-0682,CÔNG TY CỔ PHẦN ĐẦU TƯ XÂY DỰNG VÀ THƯƠNG MẠI TIẾN MINH,CTY - DN,3,15,1342380000.0,5,4,4,544,Champions
KH-0683,Công Ty Cổ Phần Thương Mại Phân Phối Các Sản Phẩm Điện Tử Tin Học,CTY - DN,3,14,530355000.0,5,4,2,542,Potential Loyalist
KH-0684,CHI NHÁNH CÔNG TY TNHH THƯƠNG MẠI TRẦN HỒNG QUÂN - TÒA THÁP KHÁCH SẠN,CTY - DN,44,13,1213035000.0,2,3,4,234,At Risk
KH-0685,CÔNG TY CỔ PHẦN THƯƠNG MẠI & PHÁT TRIỂN CÔNG NGHỆ HƯNG THIỆN,CTY - DN,3,12,1339170000.0,5,3,4,534,Need Attention
KH-0686,CÔNG TY TNHH VÕ TRỌNG NGHĨA,CTY - DN,89,13,1044420000.0,1,3,3,133,At Risk
KH-0687,CÔNG TY CỔ PHẦN IDC ĐÔNG DƯƠNG,CTY - DN,16,23,2681925000.0,4,5,5,455,Champions
KH-0688,CÔNG TY CỔ PHẦN THỂ THAO NGÔI SAO GERU,CTY - DN,1,17,884175000.0,5,5,3,553,Potential Loyalist
KH-0689,CÔNG TY TNHH HANSOL CNP VINA,CTY - DN,35,11,1231905000.0,2,2,4,224,At Risk
KH-0690,Công ty Cổ phần Công nghệ ELITE,CTY - DN,53,8,452235000.0,1,1,1,111,Lost Customers
KH-0691,CÔNG TY TNHH WILLER VIỆT NAM,CTY - DN,11,12,1370565000.0,4,3,4,434,Need Attention
KH-0692,TRUNG TÂM TRUYỀN THÔNG - TRUYỀN HÌNH CÔNG THƯƠNG,CTY - DN,34,10,366570000.0,2,2,1,221,About To Sleep
KH-0693,Công Ty TNHH Tin Học và Thương Mại Chân Chính,CTY - DN,17,13,773550000.0,3,3,3,333,Potential Loyalist
KH-0694,CÔNG TY TNHH JULIE SANDLAU VIỆT NAM,CTY - DN,33,15,1231725000.0,2,4,4,244,At Risk
KH-0695,CÔNG TY TNHH MÁY TÍNH LONG NGUYỄN,CTY - DN,8,17,3944835000.0,4,5,5,455,Champions
KH-0696,CÔNG TY TNHH THƯƠNG MẠI SẢN XUẤT ĐỒ DÙNG GIA ĐÌNH VIỆT NAM,CTY - DN,70,7,220455000.0,1,1,1,111,Lost Customers
KH-0697,CÔNG TY TNHH NHẤT NHẤT,CTY - DN,48,14,574020000.0,2,4,2,242,At Risk
KH-0698,CÔNG TY TNHH HỒNG VẬN,CTY - DN,20,17,1104240000.0,3,5,3,353,Potential Loyalist
KH-0699,Công Ty Mua Bán Điện,CTY - DN,8,18,3059865000.0,4,5,5,455,Champions
KH-0700,CÔNG TY TNHH VIỄN TÍN VINH,CTY - DN,68,8,112965000.0,1,1,1,111,Lost Customers
KH-0701,CÔNG TY TNHH SI FLEX VIỆT NAM,CTY - DN,61,16,3459435000.0,1,5,5,155,Cannot Lose Them
KH-0702,CÔNG TY CỔ PHẦN XNK VÀ ĐẦU TƯ THỪA THIÊN HUẾ,CTY - DN,7,13,225285000.0,5,3,1,531,Potential Loyalist
KH-0703,CÔNG TY CỔ PHẦN LÚA VÀNG,CTY - DN,5,12,2021295000.0,5,3,5,535,Need Attention
KH-0704,CÔNG TY CP BAO BÌ VÀ IN NÔNG NGHIỆP,CTY - DN,23,9,727125000.0,3,1,2,312,About To Sleep
KH-0705,CÔNG TY CỔ PHẦN GIÓ NHẸ MIỀN NAM,CTY - DN,47,11,433215000.0,2,2,1,221,About To Sleep
KH-0706,CÔNG TY TNHH YUSEN LOGISTICS (VIỆT NAM),CTY - DN,18,12,4057140000.0,3,3,5,335,Loyal
KH-0707,CÔNG TY CỔ PHẦN CORESOFT,CTY - DN,8,14,1804020000.0,4,4,4,444,Loyal
KH-0708,ECODIT LLC – Dự án Trường Sơn Xanh do USAID tài trợ,CTY - DN,64,6,174810000.0,1,1,1,111,Lost Customers
KH-0709,CÔNG TY TNHH ĐIỆN LẠNH MIỀN TÂY,CTY - DN,31,18,454260000.0,2,5,1,251,About To Sleep
KH-0710,Công ty TNHH BIP Systems Việt Nam,CTY - DN,4,15,4104420000.0,5,4,5,545,Champions
KH-0711,CÔNG TY CỔ PHẦN PHẦN MỀM CITIGO,CTY - DN,34,12,509400000.0,2,3,2,232,Hibernating
KH-0712,CÔNG TY TNHH SEEC VIỆT NAM,CTY - DN,1,14,506535000.0,5,4,2,542,Potential Loyalist
KH-0713,CÔNG TY CỔ PHẦN XI MĂNG HỆ DƯỠNG,CTY - DN,5,14,3173880000.0,5,4,5,545,Champions
KH-0714,Công ty  TNHH Một Thành Viên Công nghệ Phúc Sơn,CTY - DN,63,12,4547205000.0,1,3,5,135,At Risk
KH-0715,CÔNG TY TNHH YAMATO LOGISTICS VIỆT NAM - CHI NHÁNH THÀNH PHỐ HỒ CHÍ MINH,CTY - DN,36,12,663375000.0,2,3,2,232,Hibernating
KH-0716,CHI NHÁNH THỦ ĐỨC - CÔNG TY CỔ PHẦN I.P.L,CTY - DN,42,17,1092690000.0,2,5,3,253,At Risk
KH-0717,CÔNG TY TNHH THẾ GIỚI KIM CƯƠNG,CTY - DN,34,9,451260000.0,2,1,1,211,Hibernating
KH-0718,CÔNG TY CỔ PHẦN FUJIWINDOWS,CTY - DN,4,12,1455330000.0,5,3,4,534,Need Attention
KH-0719,CÔNG TY TNHH NHÓM MÂY,CTY - DN,4,13,1003020000.0,5,3,3,533,Potential Loyalist
KH-0720,CÔNG TY TNHH DỊCH VỤ VÀ THƯƠNG MẠI THÁI TRÍ,CTY - DN,67,6,173655000.0,1,1,1,111,Lost Customers
KH-0721,CÔNG TY TNHH ESPRINTA (VIỆT NAM),CTY - DN,2,12,1586385000.0,5,3,4,534,Need Attention
KH-0722,CÔNG TY TNHH NESSCO VIỆT NAM,CTY - DN,42,9,358710000.0,2,1,1,211,Hibernating
KH-0723,CÔNG TY TRÁCH NHIỆM HỮU HẠN CÔNG NGHỆ KIẾN HÂN,CTY - DN,6,10,231540000.0,5,2,1,521,Promising
KH-0724,CÔNG TY TNHH HSIEHS BIOTECH,CTY - DN,20,14,1395600000.0,3,4,4,344,Loyal
KH-0725,CÔNG TY TNHH OLMIX ASIALAND VIỆT NAM,CTY - DN,10,14,519000000.0,4,4,2,442,Potential Loyalist
KH-0726,CÔNG TY CỔ PHẦN TÍCH HỢP HỆ THỐNG NAM TRƯỜNG SƠN,CTY - DN,18,16,586575000.0,3,5,2,352,Potential Loyalist
KH-0727,CÔNG TY TNHH YAKJIN INTERTEX,CTY - DN,8,9,535440000.0,4,1,2,412,New Customers
KH-0728,CÔNG TY TNHH ĐÀO TẠO VÀ TÍCH HỢP CÔNG NGHỆ E-TECK,CTY - DN,58,7,492930000.0,1,1,2,112,Lost Customers
KH-0729,CÔNG TY TNHH TM DV KỸ THUẬT VIỄN THÔNG TOÀN CẦU,CTY - DN,6,14,1795200000.0,5,4,4,544,Champions
KH-0730,CÔNG TY TNHH 1C VIỆT NAM,CTY - DN,2,16,769665000.0,5,5,3,553,Potential Loyalist
KH-0731,CÔNG TY CỔ PHẦN ĐẦU TƯ VÀ CÔNG NGHỆ VIỆT TIẾN,CTY - DN,44,14,617070000.0,2,4,2,242,At Risk
KH-0732,CÔNG TY CỔ PHẦN CARBON VIỆT NAM,CTY - DN,3,13,734685000.0,5,3,2,532,Potential Loyalist
KH-0733,CÔNG TY TNHH MỘT THÀNH VIÊN MAY MẶC VIỆT PACIFIC,CTY - DN,23,12,1006770000.0,3,3,3,333,Potential Loyalist
KH-0734,CÔNG TY TNHH SL INTERNATIONAL,CTY - DN,54,12,567705000.0,1,3,2,132,Hibernating
KH-0735,CÔNG TY CỔ PHẦN KỸ THUẬT VÀ THƯƠNG MẠI H.T.G,CTY - DN,24,11,612255000.0,3,2,2,322,Hibernating
KH-0736,CÔNG TY TNHH MTV I.M.LINK VIỆT NAM,CTY - DN,21,16,2365500000.0,3,5,5,355,Loyal
KH-0737,CÔNG TY CỔ PHẦN DƯỢC PHẨM PHA NO,CTY - DN,1,14,613665000.0,5,4,2,542,Potential Loyalist
KH-0738,CÔNG TY TNHH ANH TIN,CTY - DN,94,12,840315000.0,1,3,3,133,At Risk
KH-0739,"VĂN PHÒNG ĐẠI DIỆN PAN-PACIFIC CO.,LTD TẠI THÀNH PHỐ HỒ CHÍ MINH",CTY - DN,43,17,3073800000.0,2,5,5,255,At Risk
KH-0740,CÔNG TY TNHH MỘT THÀNH VIÊN ĐẦU TƯ DHA,CTY - DN,16,17,540300000.0,4,5,2,452,Potential Loyalist
KH-0741,CÔNG TY TNHH TƯ VẤN INNOVATURE,CTY - DN,80,12,594210000.0,1,3,2,132,Hibernating
KH-0742,CÔNG TY TNHH ĐIỆN TỬ TT,CTY - DN,193,8,265080000.0,1,1,1,111,Lost Customers
KH-0743,TRUNG TÂM ĐIỀU ĐỘ HỆ THỐNG ĐIỆN MIỀN TRUNG,CTY - DN,49,9,1155705000.0,2,1,3,213,About To Sleep
KH-0744,Công ty CP Đường Quảng Ngãi,CTY - DN,53,14,1148160000.0,1,4,3,143,At Risk
KH-0745,Công Ty TNHH Công Nghệ Polaris Đà Nẵng,CTY - DN,20,15,1509225000.0,3,4,4,344,Loyal
KH-0746,Công ty Taisei NB - TC gói thầu CP-1A PTR CSHT chính của DA PT CSHT KCN cao Hòa Lạc tại TPHN,CTY - DN,4,11,1239405000.0,5,2,4,524,Promising
KH-0747,CÔNG TY CỔ PHẦN ĐẦU TƯ VÀ CÔNG NGHỆ IDOCNET,CTY - DN,5,10,534975000.0,5,2,2,522,Promising
KH-0748,CÔNG TY TNHH TÍCH HỢP HỆ THỐNG CMC,CTY - DN,11,10,637980000.0,4,2,2,422,New Customers
KH-0749,CÔNG TY CỔ PHẦN KAROFI VIỆT NAM,CTY - DN,10,12,708780000.0,4,3,2,432,Potential Loyalist
KH-0750,CÔNG TY CỔ PHẦN THƯƠNG MẠI VÀ XÂY DỰNG CÔNG NGHỆ XANH,CTY - DN,4,9,359550000.0,5,1,1,511,New Customers
KH-0751,CÔNG TY CỔ PHẦN ĐIỆN LỰC TRUNG SƠN,CTY - DN,26,17,1838865000.0,3,5,4,354,Loyal
KH-0752,CÔNG TY TNHH MỘT THÀNH VIÊN ĐẦU TƯ VÀ THƯƠNG MẠI THE GARDEN,CTY - DN,13,6,261420000.0,4,1,1,411,New Customers
KH-0753,Công ty TNHH quốc tế liên doanh VINACONEX-TAISEI (VINATA),CTY - DN,29,14,3042600000.0,2,4,5,245,At Risk
KH-0754,Công Ty Cổ Phần Odin Việt Nam,CTY - DN,14,14,1729710000.0,4,4,4,444,Loyal
KH-0755,CÔNG TY TNHH KHÔNG GIAN MỚI,CTY - DN,4,11,362715000.0,5,2,1,521,Promising
KH-0756,CÔNG TY CỔ PHẦN MĨ THUẬT VÀ TRUYỀN THÔNG,CTY - DN,4,14,1245870000.0,5,4,4,544,Champions
KH-0757,Công Ty Cổ Phần Máy Tính Sài Gòn,CTY - DN,20,14,617775000.0,3,4,2,342,Potential Loyalist
KH-0758,Công Ty TNHH Westfield Việt Nam,CTY - DN,1,12,875445000.0,5,3,3,533,Potential Loyalist
KH-0759,Công ty TNHH Nam Of LonDon,CTY - DN,30,10,986670000.0,2,2,3,223,Hibernating
KH-0760,Văn phòng đại diện New World Fashion Group tại Hải Phòng,CTY - DN,9,8,205470000.0,4,1,1,411,New Customers
KH-0761,Công ty Quốc tế TNHH Đông Tài Việt Nam,CTY - DN,2,18,1414935000.0,5,5,4,554,Champions
KH-0762,CÔNG TY TNHH DIMENSION DATA VIỆT NAM,CTY - DN,53,12,593670000.0,1,3,2,132,Hibernating
KH-0763,Công ty TNHH Du Lịch Nghỉ Dưỡng Sinh Thái Mai Châu,CTY - DN,19,10,564405000.0,3,2,2,322,Hibernating
KH-0764,Công ty TNHH Matsuo Industries Việt Nam,CTY - DN,10,13,1639530000.0,4,3,4,434,Need Attention
KH-0765,Công ty TNHH HEYUM Vina,CTY - DN,110,7,485835000.0,1,1,2,112,Lost Customers
KH-0766,Công ty TNHH Kỹ thuật và Thương mại KT,CTY - DN,81,12,637305000.0,1,3,2,132,Hibernating
KH-0767,Công ty TNHH Yokohama Tyre Việt Nam,CTY - DN,7,12,916800000.0,5,3,3,533,Potential Loyalist
KH-0768,CÔNG TY TNHH TIẾP VẬN THĂNG LONG – CHI NHÁNH HƯNG YÊN,CTY - DN,79,8,929925000.0,1,1,3,113,Cannot Lose Them
KH-0769,Công ty TNHH Miền Á Đông,CTY - DN,7,9,503220000.0,5,1,2,512,New Customers
KH-0770,CÔNG TY TNHH TÍCH HỢP HỆ THỐNG ITECH,CTY - DN,57,16,821055000.0,1,5,3,153,At Risk
KH-0771,CÔNG TY TNHH ỨNG DỤNG HỆ THỐNG THỊNH VƯỢNG,CTY - DN,39,13,2169915000.0,2,3,5,235,At Risk
KH-0772,CHI NHÁNH CÔNG TY TNHH TIẾP VẬN THĂNG LONG TẠI HẢI PHÒNG,CTY - DN,8,12,2193135000.0,4,3,5,435,Loyal
KH-0773,Công ty TNHH e-Litecom Vina,CTY - DN,4,18,1440060000.0,5,5,4,554,Champions
KH-0774,CÔNG TY CỔ PHẦN THÔNG TIN TÍN DỤNG VIỆT NAM,CTY - DN,37,9,1691775000.0,2,1,4,214,Cannot Lose Them
KH-0775,Công Ty Cổ Phần Năng Lượng Vĩnh Tân 3,CTY - DN,25,16,1542975000.0,3,5,4,354,Loyal
KH-0776,CÔNG TY TNHH NANO HIGHTECH VIỆT NAM,CTY - DN,35,12,1209465000.0,2,3,4,234,At Risk
KH-0777,CÔNG TY CỔ PHẦN THIẾT BỊ TÂN PHÁT,CTY - DN,30,13,2563770000.0,2,3,5,235,At Risk
KH-0778,CÔNG TY TNHH CÔNG NGHIỆP HÀ YẾN SGN,CTY - DN,23,13,477960000.0,3,3,1,331,About To Sleep
KH-0779,CÔNG TY CỔ PHẦN SOYA GARDEN,CTY - DN,27,14,1612485000.0,3,4,4,344,Loyal
KH-0780,CÔNG TY TNHH NGÔI NHÀ SÁNG TẠO,CTY - DN,65,12,1764690000.0,1,3,4,134,At Risk
KH-0781,Công ty TNHH Thương Mại Dịch Vụ Việt Ý,CTY - DN,11,9,616755000.0,4,1,2,412,New Customers
KH-0782,Công ty Cổ phần Tin học Lạc Việt,CTY - DN,35,10,676335000.0,2,2,2,222,Hibernating
KH-0783,CHI NHÁNH CÔNG TY TNHH DỊCH VỤ TIN HỌC FPT TẠI MIỀN TRUNG,CTY - DN,21,15,1353990000.0,3,4,4,344,Loyal
KH-0784,CÔNG TY TNHH LUNA NEXUS VN INC,CTY - DN,14,21,691995000.0,4,5,2,452,Potential Loyalist
KH-0785,CÔNG TY TNHH VNEXUS CAPITAL ADVISORS,CTY - DN,47,12,953985000.0,2,3,3,233,Hibernating
KH-0786,CÔNG TY CỔ PHẦN DỊCH VỤ HÀNG HOÁ HÀNG KHÔNG VIỆT NAM,CTY - DN,11,18,8124705000.0,4,5,5,455,Champions
